ABUNDANCE,BIOMAS,GENUS_SPECIES,SAMPLE_DESC,PLOT
2,101.7,Abudefduf septemfasciatus,-17.5_-149_LTER_1_Backreef_Fish_Transect_1_Swath_5_m_27_7_2015,1
1,97.4,Abudefduf septemfasciatus,-17.5_-149_LTER_1_Backreef_Fish_Transect_2_Swath_5_m_27_7_2015,2
2,79.1,Abudefduf septemfasciatus,-17.5_-149_LTER_1_Backreef_Fish_Transect_4_Swath_5_m_27_7_2015,4
5,127,Abudefduf sexfasciatus,-17.5_-149_LTER_1_Backreef_Fish_Transect_1_Swath_5_m_27_7_2015,1
7,65.17,Abudefduf sexfasciatus,-17.5_-149_LTER_1_Backreef_Fish_Transect_4_Swath_5_m_27_7_2015,4
1,87.2,Abudefduf sordidus,-17.5_-149_LTER_1_Backreef_Fish_Transect_1_Swath_5_m_27_7_2015,1
1,24.9,Acanthurus lineatus,-17.5_-149_LTER_1_Backreef_Fish_Transect_4_Swath_5_m_27_7_2015,4
1,39.5,Acanthurus lineatus,-17.5_-149_LTER_2_Fringing_Reef_Fish_Transect_4_Swath_5_m_27_7_2015,4
6,106.4,Acanthurus nigricauda,-17.5_-149_LTER_1_Fringing_Reef_Fish_Transect_4_Swath_5_m_27_7_2015,4
3,19.7,Acanthurus nigrofuscus,-17.5_-149_LTER_1_Backreef_Fish_Transect_2_Swath_5_m_27_7_2015,2
10,140.55,Acanthurus nigrofuscus,-17.5_-149_LTER_1_Backreef_Fish_Transect_2_Swath_5_m_27_7_2015,2
5,96.7,Acanthurus nigrofuscus,-17.5_-149_LTER_1_Backreef_Fish_Transect_2_Swath_5_m_27_7_2015,2
3,100.8,Acanthurus nigrofuscus,-17.5_-149_LTER_1_Backreef_Fish_Transect_2_Swath_5_m_27_7_2015,2
11,154.6,Acanthurus nigrofuscus,-17.5_-149_LTER_1_Backreef_Fish_Transect_4_Swath_5_m_27_7_2015,4
2,13.13,Acanthurus nigrofuscus,-17.5_-149_LTER_1_Fringing_Reef_Fish_Transect_2_Swath_5_m_27_7_2015,2
2,4.74,Acanthurus nigrofuscus,-17.5_-149_LTER_1_Fringing_Reef_Fish_Transect_4_Swath_5_m_27_7_2015,4
4,16.47,Acanthurus nigrofuscus,-17.5_-149_LTER_1_Fringing_Reef_Fish_Transect_4_Swath_5_m_27_7_2015,4
6,59.03,Acanthurus nigrofuscus,-17.5_-149_LTER_1_Fringing_Reef_Fish_Transect_4_Swath_5_m_27_7_2015,4
4,77.3,Acanthurus nigrofuscus,-17.5_-149_LTER_1_Fringing_Reef_Fish_Transect_4_Swath_5_m_27_7_2015,4
3,29.52,Acanthurus nigrofuscus,-17.5_-149_LTER_2_Backreef_Fish_Transect_1_Swath_5_m_27_7_2015,1
6,154.8,Acanthurus nigrofuscus,-17.5_-149_LTER_2_Backreef_Fish_Transect_2_Swath_5_m_27_7_2015,2
4,171.2,Acanthurus nigrofuscus,-17.5_-149_LTER_2_Backreef_Fish_Transect_2_Swath_5_m_27_7_2015,2
1,9.84,Acanthurus nigrofuscus,-17.5_-149_LTER_2_Backreef_Fish_Transect_4_Swath_5_m_27_7_2015,4
1,14.05,Acanthurus nigrofuscus,-17.5_-149_LTER_2_Backreef_Fish_Transect_4_Swath_5_m_27_7_2015,4
1,19.3,Acanthurus nigrofuscus,-17.5_-149_LTER_2_Backreef_Fish_Transect_4_Swath_5_m_27_7_2015,4
2,8.23,Acanthurus nigrofuscus,-17.5_-149_LTER_2_Fringing_Reef_Fish_Transect_2_Swath_5_m_27_7_2015,2
1,9.84,Acanthurus nigrofuscus,-17.5_-149_LTER_2_Fringing_Reef_Fish_Transect_2_Swath_5_m_27_7_2015,2
2,28.11,Acanthurus nigrofuscus,-17.5_-149_LTER_2_Fringing_Reef_Fish_Transect_4_Swath_5_m_27_7_2015,4
4,77.3,Acanthurus nigrofuscus,-17.5_-149_LTER_2_Fringing_Reef_Fish_Transect_4_Swath_5_m_27_7_2015,4
1,105.3,Acanthurus pyroferus,-17.5_-149_LTER_1_Backreef_Fish_Transect_1_Swath_5_m_27_7_2015,1
1,59,Acanthurus pyroferus,-17.5_-149_LTER_1_Fringing_Reef_Fish_Transect_1_Swath_5_m_27_7_2015,1
2,175.7,Acanthurus pyroferus,-17.5_-149_LTER_1_Fringing_Reef_Fish_Transect_1_Swath_5_m_27_7_2015,1
1,21.6,Acanthurus pyroferus,-17.5_-149_LTER_1_Fringing_Reef_Fish_Transect_2_Swath_5_m_27_7_2015,2
2,57.5,Acanthurus pyroferus,-17.5_-149_LTER_1_Fringing_Reef_Fish_Transect_2_Swath_5_m_27_7_2015,2
1,37.3,Acanthurus pyroferus,-17.5_-149_LTER_1_Fringing_Reef_Fish_Transect_2_Swath_5_m_27_7_2015,2
1,87.9,Acanthurus pyroferus,-17.5_-149_LTER_1_Fringing_Reef_Fish_Transect_2_Swath_5_m_27_7_2015,2
3,86.2,Acanthurus pyroferus,-17.5_-149_LTER_1_Fringing_Reef_Fish_Transect_4_Swath_5_m_27_7_2015,4
2,74.5,Acanthurus pyroferus,-17.5_-149_LTER_1_Fringing_Reef_Fish_Transect_4_Swath_5_m_27_7_2015,4
1,1.41,Acanthurus pyroferus,-17.5_-149_LTER_2_Backreef_Fish_Transect_4_Swath_5_m_27_7_2015,4
1,105.3,Acanthurus pyroferus,-17.5_-149_LTER_2_Fringing_Reef_Fish_Transect_1_Swath_5_m_27_7_2015,1
2,118,Acanthurus pyroferus,-17.5_-149_LTER_2_Fringing_Reef_Fish_Transect_2_Swath_5_m_27_7_2015,2
1,28.7,Acanthurus pyroferus,-17.5_-149_LTER_2_Fringing_Reef_Fish_Transect_4_Swath_5_m_27_7_2015,4
1,2.74,Acanthurus triostegus,-17.5_-149_LTER_2_Backreef_Fish_Transect_4_Swath_5_m_27_7_2015,4
2,73.9,Acanthurus triostegus,-17.5_-149_LTER_2_Backreef_Fish_Transect_4_Swath_5_m_27_7_2015,4
10,1310.1,Acanthurus triostegus,-17.5_-149_LTER_2_Fringing_Reef_Fish_Transect_1_Swath_5_m_27_7_2015,1
2,2.61,Amblygobius nocturnus,-17.5_-149_LTER_2_Fringing_Reef_Fish_Transect_1_Swath_1_m_27_7_2015,1
2,4.61,Amblygobius nocturnus,-17.5_-149_LTER_2_Fringing_Reef_Fish_Transect_1_Swath_1_m_27_7_2015,1
2,1.87,Amblygobius phalaena,-17.5_-149_LTER_1_Backreef_Fish_Transect_2_Swath_5_m_27_7_2015,2
1,0.25,Amblygobius phalaena,-17.5_-149_LTER_2_Fringing_Reef_Fish_Transect_1_Swath_1_m_27_7_2015,1
1,0.64,Amblygobius phalaena,-17.5_-149_LTER_2_Fringing_Reef_Fish_Transect_1_Swath_1_m_27_7_2015,1
1,582.1,Aulostomus chinensis,-17.5_-149_LTER_1_Backreef_Fish_Transect_4_Swath_5_m_27_7_2015,4
1,40,Aulostomus chinensis,-17.5_-149_LTER_2_Fringing_Reef_Fish_Transect_4_Swath_5_m_27_7_2015,4
1,34.3,Balistapus undulatus,-17.5_-149_LTER_1_Backreef_Fish_Transect_1_Swath_5_m_27_7_2015,1
1,55.8,Balistapus undulatus,-17.5_-149_LTER_1_Backreef_Fish_Transect_1_Swath_5_m_27_7_2015,1
1,55.8,Balistapus undulatus,-17.5_-149_LTER_1_Backreef_Fish_Transect_2_Swath_5_m_27_7_2015,2
1,69.4,Balistapus undulatus,-17.5_-149_LTER_1_Backreef_Fish_Transect_2_Swath_5_m_27_7_2015,2
2,138.8,Balistapus undulatus,-17.5_-149_LTER_1_Fringing_Reef_Fish_Transect_1_Swath_5_m_27_7_2015,1
1,6.61,Balistapus undulatus,-17.5_-149_LTER_1_Fringing_Reef_Fish_Transect_2_Swath_5_m_27_7_2015,2
1,14.1,Balistapus undulatus,-17.5_-149_LTER_1_Fringing_Reef_Fish_Transect_2_Swath_5_m_27_7_2015,2
3,102.9,Balistapus undulatus,-17.5_-149_LTER_1_Fringing_Reef_Fish_Transect_2_Swath_5_m_27_7_2015,2
1,26.2,Balistapus undulatus,-17.5_-149_LTER_1_Fringing_Reef_Fish_Transect_4_Swath_5_m_27_7_2015,4
1,103.5,Balistapus undulatus,-17.5_-149_LTER_2_Backreef_Fish_Transect_1_Swath_5_m_27_7_2015,1
1,26.2,Balistapus undulatus,-17.5_-149_LTER_2_Backreef_Fish_Transect_2_Swath_5_m_27_7_2015,2
2,207,Balistapus undulatus,-17.5_-149_LTER_2_Fringing_Reef_Fish_Transect_1_Swath_5_m_27_7_2015,1
1,26.2,Balistapus undulatus,-17.5_-149_LTER_2_Fringing_Reef_Fish_Transect_2_Swath_5_m_27_7_2015,2
1,26.2,Balistapus undulatus,-17.5_-149_LTER_2_Fringing_Reef_Fish_Transect_4_Swath_5_m_27_7_2015,4
1,103.5,Balistapus undulatus,-17.5_-149_LTER_2_Fringing_Reef_Fish_Transect_4_Swath_5_m_27_7_2015,4
1,86.6,Bodianus axillaris,-17.5_-149_LTER_2_Fringing_Reef_Fish_Transect_1_Swath_5_m_27_7_2015,1
2,19.69,Canthigaster solandri,-17.5_-149_LTER_1_Backreef_Fish_Transect_1_Swath_1_m_27_7_2015,1
1,6.22,Canthigaster solandri,-17.5_-149_LTER_1_Backreef_Fish_Transect_2_Swath_1_m_27_7_2015,2
1,7.89,Canthigaster solandri,-17.5_-149_LTER_1_Backreef_Fish_Transect_2_Swath_1_m_27_7_2015,2
1,9.85,Canthigaster solandri,-17.5_-149_LTER_1_Backreef_Fish_Transect_2_Swath_1_m_27_7_2015,2
1,7.89,Canthigaster solandri,-17.5_-149_LTER_1_Backreef_Fish_Transect_4_Swath_1_m_27_7_2015,4
1,1.86,Canthigaster solandri,-17.5_-149_LTER_1_Fringing_Reef_Fish_Transect_1_Swath_1_m_27_7_2015,1
1,1.86,Canthigaster solandri,-17.5_-149_LTER_1_Fringing_Reef_Fish_Transect_2_Swath_1_m_27_7_2015,2
2,5.28,Canthigaster solandri,-17.5_-149_LTER_2_Backreef_Fish_Transect_1_Swath_1_m_27_7_2015,1
2,7.23,Canthigaster solandri,-17.5_-149_LTER_2_Backreef_Fish_Transect_1_Swath_1_m_27_7_2015,1
1,4.8,Canthigaster solandri,-17.5_-149_LTER_2_Backreef_Fish_Transect_1_Swath_1_m_27_7_2015,1
3,10.84,Canthigaster solandri,-17.5_-149_LTER_2_Fringing_Reef_Fish_Transect_1_Swath_1_m_27_7_2015,1
2,24.18,Canthigaster solandri,-17.5_-149_LTER_2_Fringing_Reef_Fish_Transect_2_Swath_1_m_27_7_2015,2
3,43.96,Canthigaster solandri,-17.5_-149_LTER_2_Fringing_Reef_Fish_Transect_4_Swath_1_m_27_7_2015,4
1,1.47,Canthigaster valentini,-17.5_-149_LTER_2_Fringing_Reef_Fish_Transect_1_Swath_1_m_27_7_2015,1
1,914,Caranx melampygus,-17.5_-149_LTER_1_Fringing_Reef_Fish_Transect_1_Swath_5_m_27_7_2015,1
1,357.6,Caranx melampygus,-17.5_-149_LTER_2_Fringing_Reef_Fish_Transect_1_Swath_5_m_27_7_2015,1
1,29986.4,Carcharhinus melanopterus,-17.5_-149_LTER_1_Backreef_Fish_Transect_1_Swath_5_m_27_7_2015,1
1,13707.7,Carcharhinus melanopterus,-17.5_-149_LTER_1_Backreef_Fish_Transect_4_Swath_5_m_27_7_2015,4
1,1.57,Centropyge bispinosa,-17.5_-149_LTER_1_Fringing_Reef_Fish_Transect_1_Swath_5_m_27_7_2015,1
1,3.01,Centropyge bispinosa,-17.5_-149_LTER_1_Fringing_Reef_Fish_Transect_1_Swath_5_m_27_7_2015,1
5,24.88,Centropyge bispinosa,-17.5_-149_LTER_1_Fringing_Reef_Fish_Transect_1_Swath_5_m_27_7_2015,1
1,1.57,Centropyge bispinosa,-17.5_-149_LTER_1_Fringing_Reef_Fish_Transect_2_Swath_5_m_27_7_2015,2
2,4.45,Centropyge bispinosa,-17.5_-149_LTER_1_Fringing_Reef_Fish_Transect_2_Swath_5_m_27_7_2015,2
5,15.03,Centropyge bispinosa,-17.5_-149_LTER_1_Fringing_Reef_Fish_Transect_2_Swath_5_m_27_7_2015,2
8,39.81,Centropyge bispinosa,-17.5_-149_LTER_1_Fringing_Reef_Fish_Transect_2_Swath_5_m_27_7_2015,2
1,6.17,Centropyge bispinosa,-17.5_-149_LTER_1_Fringing_Reef_Fish_Transect_2_Swath_5_m_27_7_2015,2
7,52.6,Centropyge bispinosa,-17.5_-149_LTER_1_Fringing_Reef_Fish_Transect_2_Swath_5_m_27_7_2015,2
1,9,Centropyge bispinosa,-17.5_-149_LTER_1_Fringing_Reef_Fish_Transect_2_Swath_5_m_27_7_2015,2
7,74.52,Centropyge bispinosa,-17.5_-149_LTER_1_Fringing_Reef_Fish_Transect_2_Swath_5_m_27_7_2015,2
3,37.33,Centropyge bispinosa,-17.5_-149_LTER_1_Fringing_Reef_Fish_Transect_2_Swath_5_m_27_7_2015,2
1,3.01,Centropyge bispinosa,-17.5_-149_LTER_1_Fringing_Reef_Fish_Transect_4_Swath_5_m_27_7_2015,4
1,4.98,Centropyge bispinosa,-17.5_-149_LTER_1_Fringing_Reef_Fish_Transect_4_Swath_5_m_27_7_2015,4
1,4.98,Centropyge bispinosa,-17.5_-149_LTER_2_Fringing_Reef_Fish_Transect_1_Swath_5_m_27_7_2015,1
1,3.01,Centropyge bispinosa,-17.5_-149_LTER_2_Fringing_Reef_Fish_Transect_2_Swath_5_m_27_7_2015,2
3,14.93,Centropyge bispinosa,-17.5_-149_LTER_2_Fringing_Reef_Fish_Transect_2_Swath_5_m_27_7_2015,2
3,22.54,Centropyge bispinosa,-17.5_-149_LTER_2_Fringing_Reef_Fish_Transect_2_Swath_5_m_27_7_2015,2
2,21.29,Centropyge bispinosa,-17.5_-149_LTER_2_Fringing_Reef_Fish_Transect_2_Swath_5_m_27_7_2015,2
3,31.94,Centropyge bispinosa,-17.5_-149_LTER_2_Fringing_Reef_Fish_Transect_4_Swath_5_m_27_7_2015,4
2,28.79,Centropyge bispinosa,-17.5_-149_LTER_2_Fringing_Reef_Fish_Transect_4_Swath_5_m_27_7_2015,4
2,37.57,Centropyge bispinosa,-17.5_-149_LTER_2_Fringing_Reef_Fish_Transect_4_Swath_5_m_27_7_2015,4
1,4.71,Centropyge flavissima,-17.5_-149_LTER_1_Backreef_Fish_Transect_1_Swath_5_m_27_7_2015,1
3,22.62,Centropyge flavissima,-17.5_-149_LTER_1_Backreef_Fish_Transect_1_Swath_5_m_27_7_2015,1
2,22.44,Centropyge flavissima,-17.5_-149_LTER_1_Backreef_Fish_Transect_2_Swath_5_m_27_7_2015,2
1,13.4,Centropyge flavissima,-17.5_-149_LTER_1_Backreef_Fish_Transect_2_Swath_5_m_27_7_2015,2
1,4.71,Centropyge flavissima,-17.5_-149_LTER_1_Backreef_Fish_Transect_4_Swath_5_m_27_7_2015,4
3,33.66,Centropyge flavissima,-17.5_-149_LTER_1_Backreef_Fish_Transect_4_Swath_5_m_27_7_2015,4
1,15.83,Centropyge flavissima,-17.5_-149_LTER_1_Backreef_Fish_Transect_4_Swath_5_m_27_7_2015,4
1,2.65,Centropyge flavissima,-17.5_-149_LTER_1_Fringing_Reef_Fish_Transect_1_Swath_5_m_27_7_2015,1
1,7.54,Centropyge flavissima,-17.5_-149_LTER_1_Fringing_Reef_Fish_Transect_1_Swath_5_m_27_7_2015,1
2,5.31,Centropyge flavissima,-17.5_-149_LTER_1_Fringing_Reef_Fish_Transect_2_Swath_5_m_27_7_2015,2
1,3.59,Centropyge flavissima,-17.5_-149_LTER_1_Fringing_Reef_Fish_Transect_2_Swath_5_m_27_7_2015,2
3,14.14,Centropyge flavissima,-17.5_-149_LTER_1_Fringing_Reef_Fish_Transect_2_Swath_5_m_27_7_2015,2
2,15.08,Centropyge flavissima,-17.5_-149_LTER_1_Fringing_Reef_Fish_Transect_2_Swath_5_m_27_7_2015,2
1,7.54,Centropyge flavissima,-17.5_-149_LTER_1_Fringing_Reef_Fish_Transect_4_Swath_5_m_27_7_2015,4
1,21.44,Centropyge flavissima,-17.5_-149_LTER_1_Fringing_Reef_Fish_Transect_4_Swath_5_m_27_7_2015,4
1,7.54,Centropyge flavissima,-17.5_-149_LTER_2_Backreef_Fish_Transect_1_Swath_5_m_27_7_2015,1
2,22.44,Centropyge flavissima,-17.5_-149_LTER_2_Backreef_Fish_Transect_1_Swath_5_m_27_7_2015,1
2,15.08,Centropyge flavissima,-17.5_-149_LTER_2_Backreef_Fish_Transect_2_Swath_5_m_27_7_2015,2
2,22.44,Centropyge flavissima,-17.5_-149_LTER_2_Backreef_Fish_Transect_2_Swath_5_m_27_7_2015,2
1,15.83,Centropyge flavissima,-17.5_-149_LTER_2_Backreef_Fish_Transect_2_Swath_5_m_27_7_2015,2
2,15.08,Centropyge flavissima,-17.5_-149_LTER_2_Fringing_Reef_Fish_Transect_1_Swath_5_m_27_7_2015,1
2,9.43,Centropyge flavissima,-17.5_-149_LTER_2_Fringing_Reef_Fish_Transect_2_Swath_5_m_27_7_2015,2
13,98.04,Centropyge flavissima,-17.5_-149_LTER_2_Fringing_Reef_Fish_Transect_2_Swath_5_m_27_7_2015,2
2,15.08,Centropyge flavissima,-17.5_-149_LTER_2_Fringing_Reef_Fish_Transect_4_Swath_5_m_27_7_2015,4
5,56.1,Centropyge flavissima,-17.5_-149_LTER_2_Fringing_Reef_Fish_Transect_4_Swath_5_m_27_7_2015,4
5,107.2,Centropyge flavissima,-17.5_-149_LTER_2_Fringing_Reef_Fish_Transect_4_Swath_5_m_27_7_2015,4
1,32.5,Cephalopholis argus,-17.5_-149_LTER_1_Backreef_Fish_Transect_2_Swath_5_m_27_7_2015,2
1,149.4,Cephalopholis argus,-17.5_-149_LTER_2_Fringing_Reef_Fish_Transect_1_Swath_5_m_27_7_2015,1
2,206,Chaetodon auriga,-17.5_-149_LTER_1_Fringing_Reef_Fish_Transect_2_Swath_5_m_27_7_2015,2
2,244.5,Chaetodon auriga,-17.5_-149_LTER_2_Backreef_Fish_Transect_2_Swath_5_m_27_7_2015,2
1,49.9,Chaetodon bennetti,-17.5_-149_LTER_2_Fringing_Reef_Fish_Transect_4_Swath_5_m_27_7_2015,4
2,17.53,Chaetodon citrinellus,-17.5_-149_LTER_1_Backreef_Fish_Transect_2_Swath_5_m_27_7_2015,2
2,25.6,Chaetodon citrinellus,-17.5_-149_LTER_1_Backreef_Fish_Transect_2_Swath_5_m_27_7_2015,2
2,17.53,Chaetodon citrinellus,-17.5_-149_LTER_1_Backreef_Fish_Transect_4_Swath_5_m_27_7_2015,4
2,25.6,Chaetodon citrinellus,-17.5_-149_LTER_1_Backreef_Fish_Transect_4_Swath_5_m_27_7_2015,4
2,6.76,Chaetodon citrinellus,-17.5_-149_LTER_1_Fringing_Reef_Fish_Transect_1_Swath_5_m_27_7_2015,1
3,16.99,Chaetodon citrinellus,-17.5_-149_LTER_1_Fringing_Reef_Fish_Transect_1_Swath_5_m_27_7_2015,1
1,3.38,Chaetodon citrinellus,-17.5_-149_LTER_1_Fringing_Reef_Fish_Transect_2_Swath_5_m_27_7_2015,2
2,17.53,Chaetodon citrinellus,-17.5_-149_LTER_1_Fringing_Reef_Fish_Transect_4_Swath_5_m_27_7_2015,4
3,16.99,Chaetodon citrinellus,-17.5_-149_LTER_2_Backreef_Fish_Transect_1_Swath_5_m_27_7_2015,1
2,17.53,Chaetodon citrinellus,-17.5_-149_LTER_2_Backreef_Fish_Transect_2_Swath_5_m_27_7_2015,2
1,12.8,Chaetodon citrinellus,-17.5_-149_LTER_2_Backreef_Fish_Transect_2_Swath_5_m_27_7_2015,2
1,17.87,Chaetodon citrinellus,-17.5_-149_LTER_2_Backreef_Fish_Transect_2_Swath_5_m_27_7_2015,2
1,8.77,Chaetodon citrinellus,-17.5_-149_LTER_2_Backreef_Fish_Transect_4_Swath_5_m_27_7_2015,4
1,12.8,Chaetodon citrinellus,-17.5_-149_LTER_2_Fringing_Reef_Fish_Transect_4_Swath_5_m_27_7_2015,4
2,129.8,Chaetodon ephippium,-17.5_-149_LTER_1_Fringing_Reef_Fish_Transect_4_Swath_5_m_27_7_2015,4
1,49,Chaetodon lunula,-17.5_-149_LTER_1_Fringing_Reef_Fish_Transect_1_Swath_5_m_27_7_2015,1
3,275.3,Chaetodon lunula,-17.5_-149_LTER_1_Fringing_Reef_Fish_Transect_1_Swath_5_m_27_7_2015,1
7,770.4,Chaetodon lunula,-17.5_-149_LTER_1_Fringing_Reef_Fish_Transect_1_Swath_5_m_27_7_2015,1
1,6.97,Chaetodon lunula,-17.5_-149_LTER_1_Fringing_Reef_Fish_Transect_2_Swath_5_m_27_7_2015,2
3,46.95,Chaetodon lunula,-17.5_-149_LTER_1_Fringing_Reef_Fish_Transect_2_Swath_5_m_27_7_2015,2
3,115,Chaetodon lunula,-17.5_-149_LTER_1_Fringing_Reef_Fish_Transect_2_Swath_5_m_27_7_2015,2
1,49,Chaetodon lunula,-17.5_-149_LTER_1_Fringing_Reef_Fish_Transect_2_Swath_5_m_27_7_2015,2
1,29.3,Chaetodon lunula,-17.5_-149_LTER_1_Fringing_Reef_Fish_Transect_4_Swath_5_m_27_7_2015,4
1,91.8,Chaetodon lunula,-17.5_-149_LTER_2_Backreef_Fish_Transect_2_Swath_5_m_27_7_2015,2
1,21.8,Chaetodon lunula,-17.5_-149_LTER_2_Fringing_Reef_Fish_Transect_4_Swath_5_m_27_7_2015,4
1,21.8,Chaetodon lunulatus,-17.5_-149_LTER_1_Fringing_Reef_Fish_Transect_2_Swath_5_m_27_7_2015,2
1,6.97,Chaetodon lunulatus,-17.5_-149_LTER_2_Backreef_Fish_Transect_1_Swath_5_m_27_7_2015,1
1,13.05,Chaetodon lunulatus,-17.5_-149_LTER_2_Backreef_Fish_Transect_2_Swath_5_m_27_7_2015,2
2,183.6,Chaetodon lunulatus,-17.5_-149_LTER_2_Fringing_Reef_Fish_Transect_1_Swath_5_m_27_7_2015,1
1,1.53,Chaetodon lunulatus,-17.5_-149_LTER_2_Fringing_Reef_Fish_Transect_2_Swath_5_m_27_7_2015,2
2,8.34,Chaetodon lunulatus,-17.5_-149_LTER_2_Fringing_Reef_Fish_Transect_2_Swath_5_m_27_7_2015,2
2,43.6,Chaetodon lunulatus,-17.5_-149_LTER_2_Fringing_Reef_Fish_Transect_4_Swath_5_m_27_7_2015,4
4,15.38,Chaetodon mertensii,-17.5_-149_LTER_1_Fringing_Reef_Fish_Transect_1_Swath_5_m_27_7_2015,1
3,11.54,Chaetodon mertensii,-17.5_-149_LTER_1_Fringing_Reef_Fish_Transect_2_Swath_5_m_27_7_2015,2
1,6.9,Chaetodon mertensii,-17.5_-149_LTER_1_Fringing_Reef_Fish_Transect_2_Swath_5_m_27_7_2015,2
1,6.9,Chaetodon mertensii,-17.5_-149_LTER_1_Fringing_Reef_Fish_Transect_4_Swath_5_m_27_7_2015,4
1,91.8,Chaetodon ornatissimus,-17.5_-149_LTER_1_Backreef_Fish_Transect_1_Swath_5_m_27_7_2015,1
2,98,Chaetodon ornatissimus,-17.5_-149_LTER_1_Fringing_Reef_Fish_Transect_1_Swath_5_m_27_7_2015,1
2,31.3,Chaetodon ornatissimus,-17.5_-149_LTER_2_Fringing_Reef_Fish_Transect_2_Swath_5_m_27_7_2015,2
1,15.65,Chaetodon ornatissimus,-17.5_-149_LTER_2_Fringing_Reef_Fish_Transect_4_Swath_5_m_27_7_2015,4
1,3.08,Chaetodon pelewensis,-17.5_-149_LTER_1_Fringing_Reef_Fish_Transect_2_Swath_5_m_27_7_2015,2
4,22.51,Chaetodon pelewensis,-17.5_-149_LTER_1_Fringing_Reef_Fish_Transect_2_Swath_5_m_27_7_2015,2
1,38.3,Chaetodon reticulatus,-17.5_-149_LTER_1_Backreef_Fish_Transect_2_Swath_5_m_27_7_2015,2
2,26.1,Chaetodon reticulatus,-17.5_-149_LTER_1_Backreef_Fish_Transect_4_Swath_5_m_27_7_2015,4
1,49,Chaetodon reticulatus,-17.5_-149_LTER_1_Fringing_Reef_Fish_Transect_1_Swath_5_m_27_7_2015,1
1,5.45,Chaetodon reticulatus,-17.5_-149_LTER_1_Fringing_Reef_Fish_Transect_2_Swath_5_m_27_7_2015,2
1,10.75,Chaetodon reticulatus,-17.5_-149_LTER_2_Fringing_Reef_Fish_Transect_2_Swath_5_m_27_7_2015,2
2,89.8,Chaetodon vagabundus,-17.5_-149_LTER_1_Backreef_Fish_Transect_2_Swath_5_m_27_7_2015,2
3,171,Chaetodon vagabundus,-17.5_-149_LTER_1_Backreef_Fish_Transect_2_Swath_5_m_27_7_2015,2
2,52.2,Chaetodon vagabundus,-17.5_-149_LTER_1_Backreef_Fish_Transect_4_Swath_5_m_27_7_2015,4
1,71,Chaetodon vagabundus,-17.5_-149_LTER_1_Fringing_Reef_Fish_Transect_1_Swath_5_m_27_7_2015,1
3,317,Chaetodon vagabundus,-17.5_-149_LTER_1_Fringing_Reef_Fish_Transect_1_Swath_5_m_27_7_2015,1
1,26.1,Chaetodon vagabundus,-17.5_-149_LTER_1_Fringing_Reef_Fish_Transect_4_Swath_5_m_27_7_2015,4
2,69.4,Chaetodon vagabundus,-17.5_-149_LTER_1_Fringing_Reef_Fish_Transect_4_Swath_5_m_27_7_2015,4
1,13.46,Chaetodon vagabundus,-17.5_-149_LTER_2_Fringing_Reef_Fish_Transect_2_Swath_5_m_27_7_2015,2
1,71,Chaetodon vagabundus,-17.5_-149_LTER_2_Fringing_Reef_Fish_Transect_2_Swath_5_m_27_7_2015,2
2,69.4,Chaetodon vagabundus,-17.5_-149_LTER_2_Fringing_Reef_Fish_Transect_4_Swath_5_m_27_7_2015,4
1,94.9,Cheilinus chlorourus,-17.5_-149_LTER_1_Backreef_Fish_Transect_1_Swath_5_m_27_7_2015,1
1,33.5,Cheilinus chlorourus,-17.5_-149_LTER_1_Backreef_Fish_Transect_2_Swath_5_m_27_7_2015,2
1,65.2,Cheilinus chlorourus,-17.5_-149_LTER_1_Backreef_Fish_Transect_2_Swath_5_m_27_7_2015,2
1,9.94,Cheilinus chlorourus,-17.5_-149_LTER_1_Backreef_Fish_Transect_4_Swath_5_m_27_7_2015,4
3,159.2,Cheilinus chlorourus,-17.5_-149_LTER_1_Fringing_Reef_Fish_Transect_1_Swath_5_m_27_7_2015,1
2,189.8,Cheilinus chlorourus,-17.5_-149_LTER_1_Fringing_Reef_Fish_Transect_1_Swath_5_m_27_7_2015,1
1,4.2,Cheilinus chlorourus,-17.5_-149_LTER_1_Fringing_Reef_Fish_Transect_2_Swath_5_m_27_7_2015,2
1,6.67,Cheilinus chlorourus,-17.5_-149_LTER_1_Fringing_Reef_Fish_Transect_2_Swath_5_m_27_7_2015,2
1,33.5,Cheilinus chlorourus,-17.5_-149_LTER_1_Fringing_Reef_Fish_Transect_2_Swath_5_m_27_7_2015,2
1,94.9,Cheilinus chlorourus,-17.5_-149_LTER_2_Backreef_Fish_Transect_1_Swath_5_m_27_7_2015,1
1,9.94,Cheilinus chlorourus,-17.5_-149_LTER_2_Backreef_Fish_Transect_4_Swath_5_m_27_7_2015,4
1,53.1,Cheilinus chlorourus,-17.5_-149_LTER_2_Backreef_Fish_Transect_4_Swath_5_m_27_7_2015,4
2,158.3,Cheilinus chlorourus,-17.5_-149_LTER_2_Fringing_Reef_Fish_Transect_1_Swath_5_m_27_7_2015,1
1,25.8,Cheilinus chlorourus,-17.5_-149_LTER_2_Fringing_Reef_Fish_Transect_4_Swath_5_m_27_7_2015,4
1,5.95,Cheilinus oxycephalus,-17.5_-149_LTER_1_Fringing_Reef_Fish_Transect_2_Swath_5_m_27_7_2015,2
1,126.1,Cheilinus oxycephalus,-17.5_-149_LTER_1_Fringing_Reef_Fish_Transect_2_Swath_5_m_27_7_2015,2
1,6.23,Cheilinus trilobatus,-17.5_-149_LTER_1_Backreef_Fish_Transect_2_Swath_5_m_27_7_2015,2
1,9.38,Cheilinus trilobatus,-17.5_-149_LTER_1_Backreef_Fish_Transect_2_Swath_5_m_27_7_2015,2
1,32.4,Cheilinus trilobatus,-17.5_-149_LTER_1_Backreef_Fish_Transect_2_Swath_5_m_27_7_2015,2
1,41.4,Cheilinus trilobatus,-17.5_-149_LTER_1_Backreef_Fish_Transect_2_Swath_5_m_27_7_2015,2
3,28.13,Cheilinus trilobatus,-17.5_-149_LTER_2_Backreef_Fish_Transect_2_Swath_5_m_27_7_2015,2
1,18.6,Cheilinus trilobatus,-17.5_-149_LTER_2_Backreef_Fish_Transect_2_Swath_5_m_27_7_2015,2
1,41.4,Cheilinus trilobatus,-17.5_-149_LTER_2_Backreef_Fish_Transect_2_Swath_5_m_27_7_2015,2
1,38.2,Cheilodipterus macrodon,-17.5_-149_LTER_2_Fringing_Reef_Fish_Transect_2_Swath_1_m_27_7_2015,2
1,0.53,Cheilodipterus quinquelineatus,-17.5_-149_LTER_2_Fringing_Reef_Fish_Transect_1_Swath_1_m_27_7_2015,1
2,98.6,Chlorurus sordidus,-17.5_-149_LTER_1_Backreef_Fish_Transect_1_Swath_5_m_27_7_2015,1
4,245.8,Chlorurus sordidus,-17.5_-149_LTER_1_Backreef_Fish_Transect_1_Swath_5_m_27_7_2015,1
2,182.7,Chlorurus sordidus,-17.5_-149_LTER_1_Backreef_Fish_Transect_1_Swath_5_m_27_7_2015,1
1,129.6,Chlorurus sordidus,-17.5_-149_LTER_1_Backreef_Fish_Transect_1_Swath_5_m_27_7_2015,1
4,19.86,Chlorurus sordidus,-17.5_-149_LTER_1_Backreef_Fish_Transect_2_Swath_5_m_27_7_2015,2
12,94.16,Chlorurus sordidus,-17.5_-149_LTER_1_Backreef_Fish_Transect_2_Swath_5_m_27_7_2015,2
17,198.3,Chlorurus sordidus,-17.5_-149_LTER_1_Backreef_Fish_Transect_2_Swath_5_m_27_7_2015,2
2,45.3,Chlorurus sordidus,-17.5_-149_LTER_1_Backreef_Fish_Transect_2_Swath_5_m_27_7_2015,2
6,180.2,Chlorurus sordidus,-17.5_-149_LTER_1_Backreef_Fish_Transect_2_Swath_5_m_27_7_2015,2
5,246.5,Chlorurus sordidus,-17.5_-149_LTER_1_Backreef_Fish_Transect_2_Swath_5_m_27_7_2015,2
1,61.4,Chlorurus sordidus,-17.5_-149_LTER_1_Backreef_Fish_Transect_2_Swath_5_m_27_7_2015,2
1,91.3,Chlorurus sordidus,-17.5_-149_LTER_1_Backreef_Fish_Transect_2_Swath_5_m_27_7_2015,2
1,16.55,Chlorurus sordidus,-17.5_-149_LTER_1_Backreef_Fish_Transect_4_Swath_5_m_27_7_2015,4
5,150.1,Chlorurus sordidus,-17.5_-149_LTER_1_Backreef_Fish_Transect_4_Swath_5_m_27_7_2015,4
1,38.9,Chlorurus sordidus,-17.5_-149_LTER_1_Fringing_Reef_Fish_Transect_1_Swath_5_m_27_7_2015,1
6,368.6,Chlorurus sordidus,-17.5_-149_LTER_1_Fringing_Reef_Fish_Transect_1_Swath_5_m_27_7_2015,1
2,122.9,Chlorurus sordidus,-17.5_-149_LTER_1_Fringing_Reef_Fish_Transect_1_Swath_5_m_27_7_2015,1
1,75.4,Chlorurus sordidus,-17.5_-149_LTER_1_Fringing_Reef_Fish_Transect_1_Swath_5_m_27_7_2015,1
2,687.3,Chlorurus sordidus,-17.5_-149_LTER_1_Fringing_Reef_Fish_Transect_1_Swath_5_m_27_7_2015,1
3,1.11,Chlorurus sordidus,-17.5_-149_LTER_1_Fringing_Reef_Fish_Transect_2_Swath_5_m_27_7_2015,2
15,74.48,Chlorurus sordidus,-17.5_-149_LTER_1_Fringing_Reef_Fish_Transect_2_Swath_5_m_27_7_2015,2
6,99.29,Chlorurus sordidus,-17.5_-149_LTER_1_Fringing_Reef_Fish_Transect_2_Swath_5_m_27_7_2015,2
6,180.2,Chlorurus sordidus,-17.5_-149_LTER_1_Fringing_Reef_Fish_Transect_2_Swath_5_m_27_7_2015,2
6,548,Chlorurus sordidus,-17.5_-149_LTER_1_Fringing_Reef_Fish_Transect_2_Swath_5_m_27_7_2015,2
41,4483.3,Chlorurus sordidus,-17.5_-149_LTER_1_Fringing_Reef_Fish_Transect_2_Swath_5_m_27_7_2015,2
3,388.7,Chlorurus sordidus,-17.5_-149_LTER_1_Fringing_Reef_Fish_Transect_2_Swath_5_m_27_7_2015,2
8,11.92,Chlorurus sordidus,-17.5_-149_LTER_1_Fringing_Reef_Fish_Transect_4_Swath_5_m_27_7_2015,4
5,14.45,Chlorurus sordidus,-17.5_-149_LTER_1_Fringing_Reef_Fish_Transect_4_Swath_5_m_27_7_2015,4
3,14.9,Chlorurus sordidus,-17.5_-149_LTER_1_Fringing_Reef_Fish_Transect_4_Swath_5_m_27_7_2015,4
3,23.54,Chlorurus sordidus,-17.5_-149_LTER_1_Fringing_Reef_Fish_Transect_4_Swath_5_m_27_7_2015,4
3,8.67,Chlorurus sordidus,-17.5_-149_LTER_2_Backreef_Fish_Transect_1_Swath_5_m_27_7_2015,1
1,22.6,Chlorurus sordidus,-17.5_-149_LTER_2_Backreef_Fish_Transect_1_Swath_5_m_27_7_2015,1
1,38.9,Chlorurus sordidus,-17.5_-149_LTER_2_Backreef_Fish_Transect_1_Swath_5_m_27_7_2015,1
2,122.9,Chlorurus sordidus,-17.5_-149_LTER_2_Backreef_Fish_Transect_1_Swath_5_m_27_7_2015,1
8,603.3,Chlorurus sordidus,-17.5_-149_LTER_2_Backreef_Fish_Transect_1_Swath_5_m_27_7_2015,1
3,328,Chlorurus sordidus,-17.5_-149_LTER_2_Backreef_Fish_Transect_1_Swath_5_m_27_7_2015,1
1,152.1,Chlorurus sordidus,-17.5_-149_LTER_2_Backreef_Fish_Transect_1_Swath_5_m_27_7_2015,1
55,81.94,Chlorurus sordidus,-17.5_-149_LTER_2_Backreef_Fish_Transect_2_Swath_5_m_27_7_2015,2
35,101.14,Chlorurus sordidus,-17.5_-149_LTER_2_Backreef_Fish_Transect_2_Swath_5_m_27_7_2015,2
6,47.08,Chlorurus sordidus,-17.5_-149_LTER_2_Backreef_Fish_Transect_2_Swath_5_m_27_7_2015,2
6,69.99,Chlorurus sordidus,-17.5_-149_LTER_2_Backreef_Fish_Transect_2_Swath_5_m_27_7_2015,2
5,150.1,Chlorurus sordidus,-17.5_-149_LTER_2_Backreef_Fish_Transect_2_Swath_5_m_27_7_2015,2
8,311,Chlorurus sordidus,-17.5_-149_LTER_2_Backreef_Fish_Transect_2_Swath_5_m_27_7_2015,2
1,49.3,Chlorurus sordidus,-17.5_-149_LTER_2_Backreef_Fish_Transect_2_Swath_5_m_27_7_2015,2
1,75.4,Chlorurus sordidus,-17.5_-149_LTER_2_Backreef_Fish_Transect_2_Swath_5_m_27_7_2015,2
2,470.2,Chlorurus sordidus,-17.5_-149_LTER_2_Backreef_Fish_Transect_2_Swath_5_m_27_7_2015,2
1,4.97,Chlorurus sordidus,-17.5_-149_LTER_2_Backreef_Fish_Transect_4_Swath_5_m_27_7_2015,4
1,30,Chlorurus sordidus,-17.5_-149_LTER_2_Backreef_Fish_Transect_4_Swath_5_m_27_7_2015,4
5,377,Chlorurus sordidus,-17.5_-149_LTER_2_Fringing_Reef_Fish_Transect_1_Swath_5_m_27_7_2015,1
7,639.3,Chlorurus sordidus,-17.5_-149_LTER_2_Fringing_Reef_Fish_Transect_1_Swath_5_m_27_7_2015,1
3,328,Chlorurus sordidus,-17.5_-149_LTER_2_Fringing_Reef_Fish_Transect_1_Swath_5_m_27_7_2015,1
3,388.7,Chlorurus sordidus,-17.5_-149_LTER_2_Fringing_Reef_Fish_Transect_1_Swath_5_m_27_7_2015,1
9,1369.2,Chlorurus sordidus,-17.5_-149_LTER_2_Fringing_Reef_Fish_Transect_1_Swath_5_m_27_7_2015,1
8,1417.3,Chlorurus sordidus,-17.5_-149_LTER_2_Fringing_Reef_Fish_Transect_1_Swath_5_m_27_7_2015,1
34,21.56,Chlorurus sordidus,-17.5_-149_LTER_2_Fringing_Reef_Fish_Transect_2_Swath_5_m_27_7_2015,2
11,31.79,Chlorurus sordidus,-17.5_-149_LTER_2_Fringing_Reef_Fish_Transect_2_Swath_5_m_27_7_2015,2
24,119.16,Chlorurus sordidus,-17.5_-149_LTER_2_Fringing_Reef_Fish_Transect_2_Swath_5_m_27_7_2015,2
3,23.54,Chlorurus sordidus,-17.5_-149_LTER_2_Fringing_Reef_Fish_Transect_2_Swath_5_m_27_7_2015,2
10,116.65,Chlorurus sordidus,-17.5_-149_LTER_2_Fringing_Reef_Fish_Transect_2_Swath_5_m_27_7_2015,2
2,45.3,Chlorurus sordidus,-17.5_-149_LTER_2_Fringing_Reef_Fish_Transect_2_Swath_5_m_27_7_2015,2
9,270.2,Chlorurus sordidus,-17.5_-149_LTER_2_Fringing_Reef_Fish_Transect_2_Swath_5_m_27_7_2015,2
3,147.9,Chlorurus sordidus,-17.5_-149_LTER_2_Fringing_Reef_Fish_Transect_2_Swath_5_m_27_7_2015,2
3,226.2,Chlorurus sordidus,-17.5_-149_LTER_2_Fringing_Reef_Fish_Transect_2_Swath_5_m_27_7_2015,2
1,129.6,Chlorurus sordidus,-17.5_-149_LTER_2_Fringing_Reef_Fish_Transect_2_Swath_5_m_27_7_2015,2
1,268.3,Chlorurus sordidus,-17.5_-149_LTER_2_Fringing_Reef_Fish_Transect_2_Swath_5_m_27_7_2015,2
2,15.69,Chlorurus sordidus,-17.5_-149_LTER_2_Fringing_Reef_Fish_Transect_4_Swath_5_m_27_7_2015,4
2,23.33,Chlorurus sordidus,-17.5_-149_LTER_2_Fringing_Reef_Fish_Transect_4_Swath_5_m_27_7_2015,4
1,16.55,Chlorurus sordidus,-17.5_-149_LTER_2_Fringing_Reef_Fish_Transect_4_Swath_5_m_27_7_2015,4
2,45.3,Chlorurus sordidus,-17.5_-149_LTER_2_Fringing_Reef_Fish_Transect_4_Swath_5_m_27_7_2015,4
10,300.3,Chlorurus sordidus,-17.5_-149_LTER_2_Fringing_Reef_Fish_Transect_4_Swath_5_m_27_7_2015,4
2,122.9,Chlorurus sordidus,-17.5_-149_LTER_2_Fringing_Reef_Fish_Transect_4_Swath_5_m_27_7_2015,4
1,91.3,Chlorurus sordidus,-17.5_-149_LTER_2_Fringing_Reef_Fish_Transect_4_Swath_5_m_27_7_2015,4
1,235.1,Chlorurus sordidus,-17.5_-149_LTER_2_Fringing_Reef_Fish_Transect_4_Swath_5_m_27_7_2015,4
5,47.87,Chromis atripectoralis,-17.5_-149_LTER_2_Fringing_Reef_Fish_Transect_4_Swath_5_m_27_7_2015,4
1,0.28,Chromis iomelas,-17.5_-149_LTER_1_Fringing_Reef_Fish_Transect_2_Swath_5_m_27_7_2015,2
2,1.46,Chromis iomelas,-17.5_-149_LTER_1_Fringing_Reef_Fish_Transect_2_Swath_5_m_27_7_2015,2
1,0.28,Chromis iomelas,-17.5_-149_LTER_1_Fringing_Reef_Fish_Transect_4_Swath_5_m_27_7_2015,4
2,1.46,Chromis iomelas,-17.5_-149_LTER_1_Fringing_Reef_Fish_Transect_4_Swath_5_m_27_7_2015,4
5,2.32,Chromis iomelas,-17.5_-149_LTER_2_Fringing_Reef_Fish_Transect_1_Swath_5_m_27_7_2015,1
17,4.68,Chromis iomelas,-17.5_-149_LTER_2_Fringing_Reef_Fish_Transect_2_Swath_5_m_27_7_2015,2
2,0.07,Chromis margaritifer,-17.5_-149_LTER_1_Backreef_Fish_Transect_1_Swath_5_m_27_7_2015,1
4,0.69,Chromis margaritifer,-17.5_-149_LTER_1_Backreef_Fish_Transect_1_Swath_5_m_27_7_2015,1
1,0.17,Chromis margaritifer,-17.5_-149_LTER_1_Backreef_Fish_Transect_2_Swath_5_m_27_7_2015,2
1,0.5,Chromis margaritifer,-17.5_-149_LTER_1_Backreef_Fish_Transect_2_Swath_5_m_27_7_2015,2
10,7.64,Chromis margaritifer,-17.5_-149_LTER_1_Backreef_Fish_Transect_2_Swath_5_m_27_7_2015,2
3,2.29,Chromis margaritifer,-17.5_-149_LTER_1_Backreef_Fish_Transect_4_Swath_5_m_27_7_2015,4
2,3.1,Chromis margaritifer,-17.5_-149_LTER_1_Backreef_Fish_Transect_4_Swath_5_m_27_7_2015,4
26,4.47,Chromis margaritifer,-17.5_-149_LTER_1_Fringing_Reef_Fish_Transect_1_Swath_5_m_27_7_2015,1
6,4.59,Chromis margaritifer,-17.5_-149_LTER_1_Fringing_Reef_Fish_Transect_2_Swath_5_m_27_7_2015,2
26,28.89,Chromis margaritifer,-17.5_-149_LTER_1_Fringing_Reef_Fish_Transect_2_Swath_5_m_27_7_2015,2
14,21.73,Chromis margaritifer,-17.5_-149_LTER_1_Fringing_Reef_Fish_Transect_2_Swath_5_m_27_7_2015,2
3,8.31,Chromis margaritifer,-17.5_-149_LTER_1_Fringing_Reef_Fish_Transect_2_Swath_5_m_27_7_2015,2
27,41.92,Chromis margaritifer,-17.5_-149_LTER_1_Fringing_Reef_Fish_Transect_4_Swath_5_m_27_7_2015,4
7,3.5,Chromis margaritifer,-17.5_-149_LTER_2_Fringing_Reef_Fish_Transect_1_Swath_5_m_27_7_2015,1
5,2.5,Chromis margaritifer,-17.5_-149_LTER_2_Fringing_Reef_Fish_Transect_2_Swath_5_m_27_7_2015,2
2,1.53,Chromis margaritifer,-17.5_-149_LTER_2_Fringing_Reef_Fish_Transect_2_Swath_5_m_27_7_2015,2
3,8.31,Chromis margaritifer,-17.5_-149_LTER_2_Fringing_Reef_Fish_Transect_4_Swath_5_m_27_7_2015,4
1,1.16,Chromis vanderbilti,-17.5_-149_LTER_1_Fringing_Reef_Fish_Transect_4_Swath_5_m_27_7_2015,4
6,23.3,Chromis viridis,-17.5_-149_LTER_1_Backreef_Fish_Transect_4_Swath_5_m_27_7_2015,4
25,20.34,Chromis viridis,-17.5_-149_LTER_2_Backreef_Fish_Transect_2_Swath_5_m_27_7_2015,2
1,3.88,Chromis viridis,-17.5_-149_LTER_2_Fringing_Reef_Fish_Transect_2_Swath_5_m_27_7_2015,2
7,2.48,Chrysiptera brownriggii,-17.5_-149_LTER_1_Backreef_Fish_Transect_1_Swath_1_m_27_7_2015,1
1,0.08,Chrysiptera brownriggii,-17.5_-149_LTER_1_Backreef_Fish_Transect_2_Swath_1_m_27_7_2015,2
1,0.18,Chrysiptera brownriggii,-17.5_-149_LTER_1_Backreef_Fish_Transect_2_Swath_1_m_27_7_2015,2
3,1.06,Chrysiptera brownriggii,-17.5_-149_LTER_1_Backreef_Fish_Transect_2_Swath_1_m_27_7_2015,2
14,8.47,Chrysiptera brownriggii,-17.5_-149_LTER_1_Backreef_Fish_Transect_2_Swath_1_m_27_7_2015,2
8,7.6,Chrysiptera brownriggii,-17.5_-149_LTER_1_Backreef_Fish_Transect_2_Swath_1_m_27_7_2015,2
8,11.23,Chrysiptera brownriggii,-17.5_-149_LTER_1_Backreef_Fish_Transect_2_Swath_1_m_27_7_2015,2
1,1.98,Chrysiptera brownriggii,-17.5_-149_LTER_1_Backreef_Fish_Transect_2_Swath_1_m_27_7_2015,2
1,0.35,Chrysiptera brownriggii,-17.5_-149_LTER_1_Backreef_Fish_Transect_4_Swath_1_m_27_7_2015,4
1,0.6,Chrysiptera brownriggii,-17.5_-149_LTER_1_Backreef_Fish_Transect_4_Swath_1_m_27_7_2015,4
2,2.81,Chrysiptera brownriggii,-17.5_-149_LTER_1_Backreef_Fish_Transect_4_Swath_1_m_27_7_2015,4
1,0.35,Chrysiptera brownriggii,-17.5_-149_LTER_2_Backreef_Fish_Transect_2_Swath_1_m_27_7_2015,2
1,93.5,Coris aygula,-17.5_-149_LTER_1_Fringing_Reef_Fish_Transect_1_Swath_5_m_27_7_2015,1
5,5247.1,Coris aygula,-17.5_-149_LTER_1_Fringing_Reef_Fish_Transect_2_Swath_5_m_27_7_2015,2
2,2701.3,Coris aygula,-17.5_-149_LTER_1_Fringing_Reef_Fish_Transect_2_Swath_5_m_27_7_2015,2
1,53,Coris aygula,-17.5_-149_LTER_2_Backreef_Fish_Transect_1_Swath_5_m_27_7_2015,1
1,78.2,Coris aygula,-17.5_-149_LTER_2_Backreef_Fish_Transect_1_Swath_5_m_27_7_2015,1
1,1.7,Corythoichthys flavofasciatus,-17.5_-149_LTER_1_Fringing_Reef_Fish_Transect_1_Swath_1_m_27_7_2015,1
1,9.09,Ctenochaetus binotatus,-17.5_-149_LTER_1_Fringing_Reef_Fish_Transect_4_Swath_5_m_27_7_2015,4
1,1.82,Ctenochaetus binotatus,-17.5_-149_LTER_2_Backreef_Fish_Transect_4_Swath_5_m_27_7_2015,4
1,13.34,Ctenochaetus binotatus,-17.5_-149_LTER_2_Fringing_Reef_Fish_Transect_2_Swath_5_m_27_7_2015,2
3,100,Ctenochaetus binotatus,-17.5_-149_LTER_2_Fringing_Reef_Fish_Transect_2_Swath_5_m_27_7_2015,2
1,0.25,Ctenochaetus binotatus,-17.5_-149_LTER_2_Fringing_Reef_Fish_Transect_4_Swath_5_m_27_7_2015,4
5,310.7,Ctenochaetus striatus,-17.5_-149_LTER_1_Backreef_Fish_Transect_1_Swath_5_m_27_7_2015,1
9,681.6,Ctenochaetus striatus,-17.5_-149_LTER_1_Backreef_Fish_Transect_1_Swath_5_m_27_7_2015,1
11,1195,Ctenochaetus striatus,-17.5_-149_LTER_1_Backreef_Fish_Transect_1_Swath_5_m_27_7_2015,1
2,217.3,Ctenochaetus striatus,-17.5_-149_LTER_1_Backreef_Fish_Transect_2_Swath_5_m_27_7_2015,2
8,1393.5,Ctenochaetus striatus,-17.5_-149_LTER_1_Backreef_Fish_Transect_2_Swath_5_m_27_7_2015,2
34,7825.7,Ctenochaetus striatus,-17.5_-149_LTER_1_Backreef_Fish_Transect_2_Swath_5_m_27_7_2015,2
1,13,Ctenochaetus striatus,-17.5_-149_LTER_1_Backreef_Fish_Transect_4_Swath_5_m_27_7_2015,4
10,179.5,Ctenochaetus striatus,-17.5_-149_LTER_1_Backreef_Fish_Transect_4_Swath_5_m_27_7_2015,4
2,48.1,Ctenochaetus striatus,-17.5_-149_LTER_1_Backreef_Fish_Transect_4_Swath_5_m_27_7_2015,4
3,94.1,Ctenochaetus striatus,-17.5_-149_LTER_1_Backreef_Fish_Transect_4_Swath_5_m_27_7_2015,4
2,2.17,Ctenochaetus striatus,-17.5_-149_LTER_1_Fringing_Reef_Fish_Transect_1_Swath_5_m_27_7_2015,1
3,11.26,Ctenochaetus striatus,-17.5_-149_LTER_1_Fringing_Reef_Fish_Transect_1_Swath_5_m_27_7_2015,1
2,12.04,Ctenochaetus striatus,-17.5_-149_LTER_1_Fringing_Reef_Fish_Transect_1_Swath_5_m_27_7_2015,1
3,150.9,Ctenochaetus striatus,-17.5_-149_LTER_1_Fringing_Reef_Fish_Transect_1_Swath_5_m_27_7_2015,1
10,621.5,Ctenochaetus striatus,-17.5_-149_LTER_1_Fringing_Reef_Fish_Transect_1_Swath_5_m_27_7_2015,1
4,302.9,Ctenochaetus striatus,-17.5_-149_LTER_1_Fringing_Reef_Fish_Transect_1_Swath_5_m_27_7_2015,1
5,455.9,Ctenochaetus striatus,-17.5_-149_LTER_1_Fringing_Reef_Fish_Transect_1_Swath_5_m_27_7_2015,1
1,108.6,Ctenochaetus striatus,-17.5_-149_LTER_1_Fringing_Reef_Fish_Transect_1_Swath_5_m_27_7_2015,1
1,0.72,Ctenochaetus striatus,-17.5_-149_LTER_1_Fringing_Reef_Fish_Transect_2_Swath_5_m_27_7_2015,2
3,6.44,Ctenochaetus striatus,-17.5_-149_LTER_1_Fringing_Reef_Fish_Transect_2_Swath_5_m_27_7_2015,2
5,65,Ctenochaetus striatus,-17.5_-149_LTER_1_Fringing_Reef_Fish_Transect_2_Swath_5_m_27_7_2015,2
7,125.7,Ctenochaetus striatus,-17.5_-149_LTER_1_Fringing_Reef_Fish_Transect_2_Swath_5_m_27_7_2015,2
10,240.4,Ctenochaetus striatus,-17.5_-149_LTER_1_Fringing_Reef_Fish_Transect_2_Swath_5_m_27_7_2015,2
19,761.8,Ctenochaetus striatus,-17.5_-149_LTER_1_Fringing_Reef_Fish_Transect_2_Swath_5_m_27_7_2015,2
8,497.2,Ctenochaetus striatus,-17.5_-149_LTER_1_Fringing_Reef_Fish_Transect_2_Swath_5_m_27_7_2015,2
1,128.2,Ctenochaetus striatus,-17.5_-149_LTER_1_Fringing_Reef_Fish_Transect_2_Swath_5_m_27_7_2015,2
1,18,Ctenochaetus striatus,-17.5_-149_LTER_1_Fringing_Reef_Fish_Transect_4_Swath_5_m_27_7_2015,4
1,24,Ctenochaetus striatus,-17.5_-149_LTER_1_Fringing_Reef_Fish_Transect_4_Swath_5_m_27_7_2015,4
1,18,Ctenochaetus striatus,-17.5_-149_LTER_2_Backreef_Fish_Transect_1_Swath_5_m_27_7_2015,1
14,561.3,Ctenochaetus striatus,-17.5_-149_LTER_2_Backreef_Fish_Transect_1_Swath_5_m_27_7_2015,1
6,454.4,Ctenochaetus striatus,-17.5_-149_LTER_2_Backreef_Fish_Transect_1_Swath_5_m_27_7_2015,1
12,1094.3,Ctenochaetus striatus,-17.5_-149_LTER_2_Backreef_Fish_Transect_1_Swath_5_m_27_7_2015,1
6,651.8,Ctenochaetus striatus,-17.5_-149_LTER_2_Backreef_Fish_Transect_1_Swath_5_m_27_7_2015,1
2,256.4,Ctenochaetus striatus,-17.5_-149_LTER_2_Backreef_Fish_Transect_1_Swath_5_m_27_7_2015,1
1,3.75,Ctenochaetus striatus,-17.5_-149_LTER_2_Backreef_Fish_Transect_2_Swath_5_m_27_7_2015,2
2,80.2,Ctenochaetus striatus,-17.5_-149_LTER_2_Backreef_Fish_Transect_2_Swath_5_m_27_7_2015,2
6,547.1,Ctenochaetus striatus,-17.5_-149_LTER_2_Backreef_Fish_Transect_2_Swath_5_m_27_7_2015,2
17,2179.4,Ctenochaetus striatus,-17.5_-149_LTER_2_Backreef_Fish_Transect_2_Swath_5_m_27_7_2015,2
8,1393.5,Ctenochaetus striatus,-17.5_-149_LTER_2_Backreef_Fish_Transect_2_Swath_5_m_27_7_2015,2
5,1150.8,Ctenochaetus striatus,-17.5_-149_LTER_2_Backreef_Fish_Transect_2_Swath_5_m_27_7_2015,2
3,53.9,Ctenochaetus striatus,-17.5_-149_LTER_2_Backreef_Fish_Transect_4_Swath_5_m_27_7_2015,4
3,186.4,Ctenochaetus striatus,-17.5_-149_LTER_2_Fringing_Reef_Fish_Transect_1_Swath_5_m_27_7_2015,1
7,530.1,Ctenochaetus striatus,-17.5_-149_LTER_2_Fringing_Reef_Fish_Transect_1_Swath_5_m_27_7_2015,1
10,911.9,Ctenochaetus striatus,-17.5_-149_LTER_2_Fringing_Reef_Fish_Transect_1_Swath_5_m_27_7_2015,1
6,651.8,Ctenochaetus striatus,-17.5_-149_LTER_2_Fringing_Reef_Fish_Transect_1_Swath_5_m_27_7_2015,1
4,512.8,Ctenochaetus striatus,-17.5_-149_LTER_2_Fringing_Reef_Fish_Transect_1_Swath_5_m_27_7_2015,1
3,1.35,Ctenochaetus striatus,-17.5_-149_LTER_2_Fringing_Reef_Fish_Transect_2_Swath_5_m_27_7_2015,2
5,5.42,Ctenochaetus striatus,-17.5_-149_LTER_2_Fringing_Reef_Fish_Transect_2_Swath_5_m_27_7_2015,2
3,18.06,Ctenochaetus striatus,-17.5_-149_LTER_2_Fringing_Reef_Fish_Transect_2_Swath_5_m_27_7_2015,2
2,18.12,Ctenochaetus striatus,-17.5_-149_LTER_2_Fringing_Reef_Fish_Transect_2_Swath_5_m_27_7_2015,2
3,39,Ctenochaetus striatus,-17.5_-149_LTER_2_Fringing_Reef_Fish_Transect_2_Swath_5_m_27_7_2015,2
16,384.6,Ctenochaetus striatus,-17.5_-149_LTER_2_Fringing_Reef_Fish_Transect_2_Swath_5_m_27_7_2015,2
13,521.2,Ctenochaetus striatus,-17.5_-149_LTER_2_Fringing_Reef_Fish_Transect_2_Swath_5_m_27_7_2015,2
2,182.4,Ctenochaetus striatus,-17.5_-149_LTER_2_Fringing_Reef_Fish_Transect_2_Swath_5_m_27_7_2015,2
1,128.2,Ctenochaetus striatus,-17.5_-149_LTER_2_Fringing_Reef_Fish_Transect_2_Swath_5_m_27_7_2015,2
1,24,Ctenochaetus striatus,-17.5_-149_LTER_2_Fringing_Reef_Fish_Transect_4_Swath_5_m_27_7_2015,4
3,3.01,Ctenogobiops feroculus,-17.5_-149_LTER_2_Backreef_Fish_Transect_4_Swath_1_m_27_7_2015,4
5,8.99,Ctenogobiops feroculus,-17.5_-149_LTER_2_Backreef_Fish_Transect_4_Swath_1_m_27_7_2015,4
9,26.12,Ctenogobiops feroculus,-17.5_-149_LTER_2_Backreef_Fish_Transect_4_Swath_1_m_27_7_2015,4
6,26.09,Ctenogobiops feroculus,-17.5_-149_LTER_2_Backreef_Fish_Transect_4_Swath_1_m_27_7_2015,4
1,6.17,Ctenogobiops feroculus,-17.5_-149_LTER_2_Backreef_Fish_Transect_4_Swath_1_m_27_7_2015,4
1,8.41,Ctenogobiops feroculus,-17.5_-149_LTER_2_Backreef_Fish_Transect_4_Swath_1_m_27_7_2015,4
1,1.41,Dascyllus aruanus,-17.5_-149_LTER_2_Backreef_Fish_Transect_2_Swath_5_m_27_7_2015,2
1,2.11,Dascyllus aruanus,-17.5_-149_LTER_2_Backreef_Fish_Transect_2_Swath_5_m_27_7_2015,2
2,21.19,Dascyllus flavicaudus,-17.5_-149_LTER_1_Fringing_Reef_Fish_Transect_1_Swath_5_m_27_7_2015,1
10,67.64,Dascyllus flavicaudus,-17.5_-149_LTER_1_Fringing_Reef_Fish_Transect_2_Swath_5_m_27_7_2015,2
32,414.44,Dascyllus flavicaudus,-17.5_-149_LTER_1_Fringing_Reef_Fish_Transect_2_Swath_5_m_27_7_2015,2
3,11.94,Dascyllus flavicaudus,-17.5_-149_LTER_1_Fringing_Reef_Fish_Transect_4_Swath_5_m_27_7_2015,4
4,27.06,Dascyllus flavicaudus,-17.5_-149_LTER_1_Fringing_Reef_Fish_Transect_4_Swath_5_m_27_7_2015,4
2,21.19,Dascyllus flavicaudus,-17.5_-149_LTER_1_Fringing_Reef_Fish_Transect_4_Swath_5_m_27_7_2015,4
4,27.06,Dascyllus flavicaudus,-17.5_-149_LTER_2_Fringing_Reef_Fish_Transect_1_Swath_5_m_27_7_2015,1
9,60.88,Dascyllus flavicaudus,-17.5_-149_LTER_2_Fringing_Reef_Fish_Transect_2_Swath_5_m_27_7_2015,2
4,27.06,Dascyllus flavicaudus,-17.5_-149_LTER_2_Fringing_Reef_Fish_Transect_4_Swath_5_m_27_7_2015,4
2,31.26,Dascyllus flavicaudus,-17.5_-149_LTER_2_Fringing_Reef_Fish_Transect_4_Swath_5_m_27_7_2015,4
18,512.1,Dascyllus trimaculatus,-17.5_-149_LTER_1_Fringing_Reef_Fish_Transect_1_Swath_5_m_27_7_2015,1
1,14.43,Dascyllus trimaculatus,-17.5_-149_LTER_1_Fringing_Reef_Fish_Transect_2_Swath_5_m_27_7_2015,2
6,86.56,Dascyllus trimaculatus,-17.5_-149_LTER_2_Fringing_Reef_Fish_Transect_1_Swath_5_m_27_7_2015,1
5,72.14,Dascyllus trimaculatus,-17.5_-149_LTER_2_Fringing_Reef_Fish_Transect_2_Swath_5_m_27_7_2015,2
1,9.61,Dascyllus trimaculatus,-17.5_-149_LTER_2_Fringing_Reef_Fish_Transect_4_Swath_5_m_27_7_2015,4
1,71.9,Epibulus insidiator,-17.5_-149_LTER_1_Fringing_Reef_Fish_Transect_1_Swath_5_m_27_7_2015,1
1,3.5,Epibulus insidiator,-17.5_-149_LTER_1_Fringing_Reef_Fish_Transect_2_Swath_5_m_27_7_2015,2
1,5.63,Epibulus insidiator,-17.5_-149_LTER_1_Fringing_Reef_Fish_Transect_2_Swath_5_m_27_7_2015,2
1,12.21,Epibulus insidiator,-17.5_-149_LTER_1_Fringing_Reef_Fish_Transect_2_Swath_5_m_27_7_2015,2
1,58.9,Epibulus insidiator,-17.5_-149_LTER_1_Fringing_Reef_Fish_Transect_2_Swath_5_m_27_7_2015,2
1,103.3,Epibulus insidiator,-17.5_-149_LTER_1_Fringing_Reef_Fish_Transect_2_Swath_5_m_27_7_2015,2
1,29.6,Epibulus insidiator,-17.5_-149_LTER_1_Fringing_Reef_Fish_Transect_4_Swath_5_m_27_7_2015,4
3,16.89,Epibulus insidiator,-17.5_-149_LTER_2_Backreef_Fish_Transect_2_Swath_5_m_27_7_2015,2
1,12.21,Epibulus insidiator,-17.5_-149_LTER_2_Backreef_Fish_Transect_2_Swath_5_m_27_7_2015,2
1,58.9,Epibulus insidiator,-17.5_-149_LTER_2_Fringing_Reef_Fish_Transect_1_Swath_5_m_27_7_2015,1
1,71.9,Epibulus insidiator,-17.5_-149_LTER_2_Fringing_Reef_Fish_Transect_1_Swath_5_m_27_7_2015,1
1,122,Epibulus insidiator,-17.5_-149_LTER_2_Fringing_Reef_Fish_Transect_1_Swath_5_m_27_7_2015,1
1,6.96,Epibulus insidiator,-17.5_-149_LTER_2_Fringing_Reef_Fish_Transect_2_Swath_5_m_27_7_2015,2
1,12.21,Epibulus insidiator,-17.5_-149_LTER_2_Fringing_Reef_Fish_Transect_2_Swath_5_m_27_7_2015,2
1,29.6,Epibulus insidiator,-17.5_-149_LTER_2_Fringing_Reef_Fish_Transect_2_Swath_5_m_27_7_2015,2
1,29.6,Epibulus insidiator,-17.5_-149_LTER_2_Fringing_Reef_Fish_Transect_4_Swath_5_m_27_7_2015,4
1,47.6,Epibulus insidiator,-17.5_-149_LTER_2_Fringing_Reef_Fish_Transect_4_Swath_5_m_27_7_2015,4
1,19.4,Epinephelus merra,-17.5_-149_LTER_1_Backreef_Fish_Transect_2_Swath_5_m_27_7_2015,2
1,39.6,Epinephelus merra,-17.5_-149_LTER_1_Backreef_Fish_Transect_2_Swath_5_m_27_7_2015,2
1,48.6,Epinephelus merra,-17.5_-149_LTER_1_Backreef_Fish_Transect_2_Swath_5_m_27_7_2015,2
1,25.1,Epinephelus merra,-17.5_-149_LTER_1_Fringing_Reef_Fish_Transect_2_Swath_5_m_27_7_2015,2
3,95.4,Epinephelus merra,-17.5_-149_LTER_1_Fringing_Reef_Fish_Transect_2_Swath_5_m_27_7_2015,2
3,145.9,Epinephelus merra,-17.5_-149_LTER_1_Fringing_Reef_Fish_Transect_2_Swath_5_m_27_7_2015,2
1,83.5,Epinephelus merra,-17.5_-149_LTER_2_Backreef_Fish_Transect_1_Swath_5_m_27_7_2015,1
1,10.69,Epinephelus merra,-17.5_-149_LTER_2_Backreef_Fish_Transect_2_Swath_5_m_27_7_2015,2
1,14.6,Epinephelus merra,-17.5_-149_LTER_2_Backreef_Fish_Transect_2_Swath_5_m_27_7_2015,2
1,7.54,Epinephelus merra,-17.5_-149_LTER_2_Fringing_Reef_Fish_Transect_2_Swath_5_m_27_7_2015,2
1,14.6,Epinephelus merra,-17.5_-149_LTER_2_Fringing_Reef_Fish_Transect_2_Swath_5_m_27_7_2015,2
1,25.1,Epinephelus merra,-17.5_-149_LTER_2_Fringing_Reef_Fish_Transect_2_Swath_5_m_27_7_2015,2
1,25.1,Epinephelus merra,-17.5_-149_LTER_2_Fringing_Reef_Fish_Transect_4_Swath_5_m_27_7_2015,4
1,623.7,Fistularia commersonii,-17.5_-149_LTER_1_Fringing_Reef_Fish_Transect_2_Swath_5_m_27_7_2015,2
1,38.8,Forcipiger flavissimus,-17.5_-149_LTER_1_Backreef_Fish_Transect_2_Swath_5_m_27_7_2015,2
1,62.5,Forcipiger flavissimus,-17.5_-149_LTER_1_Fringing_Reef_Fish_Transect_1_Swath_5_m_27_7_2015,1
2,59.2,Forcipiger flavissimus,-17.5_-149_LTER_1_Fringing_Reef_Fish_Transect_2_Swath_5_m_27_7_2015,2
3,149.2,Forcipiger flavissimus,-17.5_-149_LTER_1_Fringing_Reef_Fish_Transect_4_Swath_5_m_27_7_2015,4
1,29.6,Forcipiger flavissimus,-17.5_-149_LTER_2_Fringing_Reef_Fish_Transect_2_Swath_5_m_27_7_2015,2
2,187.8,Forcipiger flavissimus,-17.5_-149_LTER_2_Fringing_Reef_Fish_Transect_4_Swath_5_m_27_7_2015,4
1,75.7,Gnathodentex aureolineatus,-17.5_-149_LTER_1_Backreef_Fish_Transect_2_Swath_5_m_27_7_2015,2
6,309.7,Gnathodentex aureolineatus,-17.5_-149_LTER_1_Fringing_Reef_Fish_Transect_2_Swath_5_m_27_7_2015,2
1,75.7,Gnathodentex aureolineatus,-17.5_-149_LTER_1_Fringing_Reef_Fish_Transect_2_Swath_5_m_27_7_2015,2
1,106.5,Gnathodentex aureolineatus,-17.5_-149_LTER_2_Backreef_Fish_Transect_1_Swath_5_m_27_7_2015,1
2,125.8,Gnathodentex aureolineatus,-17.5_-149_LTER_2_Backreef_Fish_Transect_2_Swath_5_m_27_7_2015,2
5,378.7,Gnathodentex aureolineatus,-17.5_-149_LTER_2_Backreef_Fish_Transect_2_Swath_5_m_27_7_2015,2
2,103.2,Gnathodentex aureolineatus,-17.5_-149_LTER_2_Fringing_Reef_Fish_Transect_4_Swath_5_m_27_7_2015,4
4,3.52,Gnatholepis anjerensis,-17.5_-149_LTER_2_Backreef_Fish_Transect_4_Swath_1_m_27_7_2015,4
1,1.66,Gnatholepis anjerensis,-17.5_-149_LTER_2_Backreef_Fish_Transect_4_Swath_1_m_27_7_2015,4
1,1.43,Gomphosus varius,-17.5_-149_LTER_1_Backreef_Fish_Transect_1_Swath_5_m_27_7_2015,1
1,3.54,Gomphosus varius,-17.5_-149_LTER_1_Backreef_Fish_Transect_1_Swath_5_m_27_7_2015,1
1,15.2,Gomphosus varius,-17.5_-149_LTER_1_Backreef_Fish_Transect_1_Swath_5_m_27_7_2015,1
1,39,Gomphosus varius,-17.5_-149_LTER_1_Backreef_Fish_Transect_1_Swath_5_m_27_7_2015,1
1,0.22,Gomphosus varius,-17.5_-149_LTER_1_Backreef_Fish_Transect_2_Swath_5_m_27_7_2015,2
2,0.72,Gomphosus varius,-17.5_-149_LTER_1_Backreef_Fish_Transect_2_Swath_5_m_27_7_2015,2
1,0.78,Gomphosus varius,-17.5_-149_LTER_1_Backreef_Fish_Transect_2_Swath_5_m_27_7_2015,2
1,15.2,Gomphosus varius,-17.5_-149_LTER_1_Backreef_Fish_Transect_2_Swath_5_m_27_7_2015,2
2,0.72,Gomphosus varius,-17.5_-149_LTER_1_Backreef_Fish_Transect_4_Swath_5_m_27_7_2015,4
2,1.56,Gomphosus varius,-17.5_-149_LTER_1_Backreef_Fish_Transect_4_Swath_5_m_27_7_2015,4
1,6.99,Gomphosus varius,-17.5_-149_LTER_1_Backreef_Fish_Transect_4_Swath_5_m_27_7_2015,4
1,4.27,Gomphosus varius,-17.5_-149_LTER_2_Backreef_Fish_Transect_2_Swath_5_m_27_7_2015,2
1,12,Gomphosus varius,-17.5_-149_LTER_2_Backreef_Fish_Transect_2_Swath_5_m_27_7_2015,2
1,15.2,Gomphosus varius,-17.5_-149_LTER_2_Backreef_Fish_Transect_2_Swath_5_m_27_7_2015,2
1,0.54,Gomphosus varius,-17.5_-149_LTER_2_Fringing_Reef_Fish_Transect_2_Swath_5_m_27_7_2015,2
1,5.99,Gomphosus varius,-17.5_-149_LTER_2_Fringing_Reef_Fish_Transect_2_Swath_5_m_27_7_2015,2
1,15.2,Gomphosus varius,-17.5_-149_LTER_2_Fringing_Reef_Fish_Transect_4_Swath_5_m_27_7_2015,4
1,7701.9,Gymnothorax javanicus,-17.5_-149_LTER_2_Backreef_Fish_Transect_4_Swath_5_m_27_7_2015,4
3,3.02,Halichoeres hortulanus,-17.5_-149_LTER_1_Backreef_Fish_Transect_1_Swath_5_m_27_7_2015,1
1,3.38,Halichoeres hortulanus,-17.5_-149_LTER_1_Backreef_Fish_Transect_1_Swath_5_m_27_7_2015,1
2,31.1,Halichoeres hortulanus,-17.5_-149_LTER_1_Backreef_Fish_Transect_1_Swath_5_m_27_7_2015,1
1,105.6,Halichoeres hortulanus,-17.5_-149_LTER_1_Backreef_Fish_Transect_1_Swath_5_m_27_7_2015,1
1,1.01,Halichoeres hortulanus,-17.5_-149_LTER_1_Backreef_Fish_Transect_2_Swath_5_m_27_7_2015,2
2,3.92,Halichoeres hortulanus,-17.5_-149_LTER_1_Backreef_Fish_Transect_2_Swath_5_m_27_7_2015,2
3,16.05,Halichoeres hortulanus,-17.5_-149_LTER_1_Backreef_Fish_Transect_2_Swath_5_m_27_7_2015,2
2,15.95,Halichoeres hortulanus,-17.5_-149_LTER_1_Backreef_Fish_Transect_2_Swath_5_m_27_7_2015,2
1,11.34,Halichoeres hortulanus,-17.5_-149_LTER_1_Backreef_Fish_Transect_2_Swath_5_m_27_7_2015,2
2,31.1,Halichoeres hortulanus,-17.5_-149_LTER_1_Backreef_Fish_Transect_2_Swath_5_m_27_7_2015,2
2,84.8,Halichoeres hortulanus,-17.5_-149_LTER_1_Backreef_Fish_Transect_2_Swath_5_m_27_7_2015,2
2,2.01,Halichoeres hortulanus,-17.5_-149_LTER_1_Backreef_Fish_Transect_4_Swath_5_m_27_7_2015,4
1,15.5,Halichoeres hortulanus,-17.5_-149_LTER_1_Backreef_Fish_Transect_4_Swath_5_m_27_7_2015,4
1,30.2,Halichoeres hortulanus,-17.5_-149_LTER_1_Backreef_Fish_Transect_4_Swath_5_m_27_7_2015,4
2,68,Halichoeres hortulanus,-17.5_-149_LTER_1_Fringing_Reef_Fish_Transect_1_Swath_5_m_27_7_2015,1
1,5.35,Halichoeres hortulanus,-17.5_-149_LTER_2_Backreef_Fish_Transect_1_Swath_5_m_27_7_2015,1
1,26.8,Halichoeres hortulanus,-17.5_-149_LTER_2_Backreef_Fish_Transect_1_Swath_5_m_27_7_2015,1
1,163.7,Halichoeres hortulanus,-17.5_-149_LTER_2_Backreef_Fish_Transect_1_Swath_5_m_27_7_2015,1
1,6.58,Halichoeres hortulanus,-17.5_-149_LTER_2_Backreef_Fish_Transect_2_Swath_5_m_27_7_2015,2
3,61.9,Halichoeres hortulanus,-17.5_-149_LTER_2_Backreef_Fish_Transect_2_Swath_5_m_27_7_2015,2
1,26.8,Halichoeres hortulanus,-17.5_-149_LTER_2_Backreef_Fish_Transect_2_Swath_5_m_27_7_2015,2
2,126.4,Halichoeres hortulanus,-17.5_-149_LTER_2_Backreef_Fish_Transect_2_Swath_5_m_27_7_2015,2
1,1.43,Halichoeres hortulanus,-17.5_-149_LTER_2_Backreef_Fish_Transect_4_Swath_5_m_27_7_2015,4
1,20.6,Halichoeres hortulanus,-17.5_-149_LTER_2_Fringing_Reef_Fish_Transect_4_Swath_5_m_27_7_2015,4
2,0.25,Halichoeres margaritaceus,-17.5_-149_LTER_1_Backreef_Fish_Transect_2_Swath_5_m_27_7_2015,2
3,1.28,Halichoeres margaritaceus,-17.5_-149_LTER_1_Backreef_Fish_Transect_2_Swath_5_m_27_7_2015,2
2,1.35,Halichoeres margaritaceus,-17.5_-149_LTER_1_Backreef_Fish_Transect_2_Swath_5_m_27_7_2015,2
3,3.02,Halichoeres margaritaceus,-17.5_-149_LTER_1_Backreef_Fish_Transect_2_Swath_5_m_27_7_2015,2
1,1.96,Halichoeres margaritaceus,-17.5_-149_LTER_1_Backreef_Fish_Transect_2_Swath_5_m_27_7_2015,2
1,3.38,Halichoeres margaritaceus,-17.5_-149_LTER_1_Backreef_Fish_Transect_2_Swath_5_m_27_7_2015,2
1,42.4,Halichoeres margaritaceus,-17.5_-149_LTER_2_Backreef_Fish_Transect_1_Swath_5_m_27_7_2015,1
1,20.6,Halichoeres marginatus,-17.5_-149_LTER_1_Backreef_Fish_Transect_1_Swath_5_m_27_7_2015,1
1,11.34,Halichoeres marginatus,-17.5_-149_LTER_1_Backreef_Fish_Transect_2_Swath_5_m_27_7_2015,2
1,1.96,Halichoeres marginatus,-17.5_-149_LTER_1_Backreef_Fish_Transect_4_Swath_5_m_27_7_2015,4
1,20.6,Halichoeres marginatus,-17.5_-149_LTER_2_Fringing_Reef_Fish_Transect_4_Swath_5_m_27_7_2015,4
1,3.7,Halichoeres trimaculatus,-17.5_-149_LTER_1_Backreef_Fish_Transect_4_Swath_5_m_27_7_2015,4
1,0.34,Halichoeres trimaculatus,-17.5_-149_LTER_1_Fringing_Reef_Fish_Transect_2_Swath_5_m_27_7_2015,2
3,1.67,Halichoeres trimaculatus,-17.5_-149_LTER_1_Fringing_Reef_Fish_Transect_2_Swath_5_m_27_7_2015,2
1,8.13,Halichoeres trimaculatus,-17.5_-149_LTER_1_Fringing_Reef_Fish_Transect_2_Swath_5_m_27_7_2015,2
3,2.54,Halichoeres trimaculatus,-17.5_-149_LTER_2_Backreef_Fish_Transect_1_Swath_5_m_27_7_2015,1
1,1.22,Halichoeres trimaculatus,-17.5_-149_LTER_2_Backreef_Fish_Transect_4_Swath_5_m_27_7_2015,4
2,7.4,Halichoeres trimaculatus,-17.5_-149_LTER_2_Backreef_Fish_Transect_4_Swath_5_m_27_7_2015,4
2,16.26,Halichoeres trimaculatus,-17.5_-149_LTER_2_Backreef_Fish_Transect_4_Swath_5_m_27_7_2015,4
1,11.22,Halichoeres trimaculatus,-17.5_-149_LTER_2_Backreef_Fish_Transect_4_Swath_5_m_27_7_2015,4
1,24.7,Halichoeres trimaculatus,-17.5_-149_LTER_2_Backreef_Fish_Transect_4_Swath_5_m_27_7_2015,4
1,2.25,Halichoeres trimaculatus,-17.5_-149_LTER_2_Fringing_Reef_Fish_Transect_4_Swath_5_m_27_7_2015,4
1,20.3,Hemigymnus fasciatus,-17.5_-149_LTER_1_Fringing_Reef_Fish_Transect_2_Swath_5_m_27_7_2015,2
1,4.55,Hemigymnus fasciatus,-17.5_-149_LTER_2_Backreef_Fish_Transect_1_Swath_5_m_27_7_2015,1
1,80.1,Hemigymnus fasciatus,-17.5_-149_LTER_2_Fringing_Reef_Fish_Transect_4_Swath_5_m_27_7_2015,4
1,53.3,Heniochus chrysostomus,-17.5_-149_LTER_1_Fringing_Reef_Fish_Transect_1_Swath_5_m_27_7_2015,1
2,41.74,Heniochus chrysostomus,-17.5_-149_LTER_1_Fringing_Reef_Fish_Transect_2_Swath_5_m_27_7_2015,2
2,41.74,Heniochus chrysostomus,-17.5_-149_LTER_1_Fringing_Reef_Fish_Transect_4_Swath_5_m_27_7_2015,4
2,80.3,Heniochus chrysostomus,-17.5_-149_LTER_2_Backreef_Fish_Transect_2_Swath_5_m_27_7_2015,2
1,20.87,Heniochus chrysostomus,-17.5_-149_LTER_2_Fringing_Reef_Fish_Transect_2_Swath_5_m_27_7_2015,2
1,20.87,Heniochus chrysostomus,-17.5_-149_LTER_2_Fringing_Reef_Fish_Transect_4_Swath_5_m_27_7_2015,4
6,1639.7,Hologymnosus annulatus,-17.5_-149_LTER_1_Fringing_Reef_Fish_Transect_1_Swath_5_m_27_7_2015,1
1,1.07,Labroides bicolor,-17.5_-149_LTER_1_Backreef_Fish_Transect_1_Swath_5_m_27_7_2015,1
2,2.14,Labroides bicolor,-17.5_-149_LTER_1_Fringing_Reef_Fish_Transect_2_Swath_5_m_27_7_2015,2
1,1.93,Labroides bicolor,-17.5_-149_LTER_1_Fringing_Reef_Fish_Transect_2_Swath_5_m_27_7_2015,2
4,12.69,Labroides bicolor,-17.5_-149_LTER_1_Fringing_Reef_Fish_Transect_2_Swath_5_m_27_7_2015,2
2,9.77,Labroides bicolor,-17.5_-149_LTER_1_Fringing_Reef_Fish_Transect_2_Swath_5_m_27_7_2015,2
2,6.34,Labroides bicolor,-17.5_-149_LTER_1_Fringing_Reef_Fish_Transect_4_Swath_5_m_27_7_2015,4
1,1.93,Labroides bicolor,-17.5_-149_LTER_2_Backreef_Fish_Transect_2_Swath_5_m_27_7_2015,2
2,6.34,Labroides bicolor,-17.5_-149_LTER_2_Fringing_Reef_Fish_Transect_1_Swath_5_m_27_7_2015,1
1,0.52,Labroides bicolor,-17.5_-149_LTER_2_Fringing_Reef_Fish_Transect_2_Swath_5_m_27_7_2015,2
1,3.17,Labroides bicolor,-17.5_-149_LTER_2_Fringing_Reef_Fish_Transect_4_Swath_5_m_27_7_2015,4
1,7.15,Labroides bicolor,-17.5_-149_LTER_2_Fringing_Reef_Fish_Transect_4_Swath_5_m_27_7_2015,4
1,0.52,Labroides dimidiatus,-17.5_-149_LTER_1_Backreef_Fish_Transect_4_Swath_5_m_27_7_2015,4
1,0.76,Labroides dimidiatus,-17.5_-149_LTER_1_Fringing_Reef_Fish_Transect_2_Swath_5_m_27_7_2015,2
2,6.34,Labroides dimidiatus,-17.5_-149_LTER_1_Fringing_Reef_Fish_Transect_2_Swath_5_m_27_7_2015,2
1,0.21,Labroides dimidiatus,-17.5_-149_LTER_2_Fringing_Reef_Fish_Transect_2_Swath_5_m_27_7_2015,2
2,0.68,Labroides dimidiatus,-17.5_-149_LTER_2_Fringing_Reef_Fish_Transect_2_Swath_5_m_27_7_2015,2
1,0.52,Labroides dimidiatus,-17.5_-149_LTER_2_Fringing_Reef_Fish_Transect_2_Swath_5_m_27_7_2015,2
1,1.93,Labroides dimidiatus,-17.5_-149_LTER_2_Fringing_Reef_Fish_Transect_4_Swath_5_m_27_7_2015,4
1,0.11,Labroides rubrolabiatus,-17.5_-149_LTER_2_Fringing_Reef_Fish_Transect_4_Swath_5_m_27_7_2015,4
1,165.3,Leptoscarus vaigiensis,-17.5_-149_LTER_1_Backreef_Fish_Transect_1_Swath_5_m_27_7_2015,1
1,241.5,Leptoscarus vaigiensis,-17.5_-149_LTER_1_Backreef_Fish_Transect_2_Swath_5_m_27_7_2015,2
5,88.7,Lutjanus fulvus,-17.5_-149_LTER_1_Fringing_Reef_Fish_Transect_2_Swath_5_m_27_7_2015,2
2,77.4,Lutjanus fulvus,-17.5_-149_LTER_2_Fringing_Reef_Fish_Transect_2_Swath_5_m_27_7_2015,2
2,118.5,Lutjanus fulvus,-17.5_-149_LTER_2_Fringing_Reef_Fish_Transect_4_Swath_5_m_27_7_2015,4
3,119.8,Lutjanus kasmira,-17.5_-149_LTER_2_Fringing_Reef_Fish_Transect_2_Swath_5_m_27_7_2015,2
2,170.5,Melichthys vidua,-17.5_-149_LTER_1_Backreef_Fish_Transect_2_Swath_5_m_27_7_2015,2
1,26.2,Melichthys vidua,-17.5_-149_LTER_1_Backreef_Fish_Transect_4_Swath_5_m_27_7_2015,4
2,68.6,Melichthys vidua,-17.5_-149_LTER_2_Backreef_Fish_Transect_2_Swath_5_m_27_7_2015,2
1,3.58,Monotaxis grandoculis,-17.5_-149_LTER_1_Fringing_Reef_Fish_Transect_2_Swath_5_m_27_7_2015,2
10,259.3,Mulloidichthys flavolineatus,-17.5_-149_LTER_1_Fringing_Reef_Fish_Transect_1_Swath_5_m_27_7_2015,1
5,202,Mulloidichthys flavolineatus,-17.5_-149_LTER_1_Fringing_Reef_Fish_Transect_1_Swath_5_m_27_7_2015,1
3,17.26,Mulloidichthys flavolineatus,-17.5_-149_LTER_1_Fringing_Reef_Fish_Transect_2_Swath_5_m_27_7_2015,2
5,246.8,Mulloidichthys flavolineatus,-17.5_-149_LTER_1_Fringing_Reef_Fish_Transect_2_Swath_5_m_27_7_2015,2
6,688.3,Mulloidichthys flavolineatus,-17.5_-149_LTER_2_Backreef_Fish_Transect_1_Swath_5_m_27_7_2015,1
3,97.9,Mulloidichthys flavolineatus,-17.5_-149_LTER_2_Fringing_Reef_Fish_Transect_4_Swath_5_m_27_7_2015,4
10,404.1,Mulloidichthys flavolineatus,-17.5_-149_LTER_2_Fringing_Reef_Fish_Transect_4_Swath_5_m_27_7_2015,4
1,43.3,Mulloidichthys vanicolensis,-17.5_-149_LTER_2_Fringing_Reef_Fish_Transect_2_Swath_5_m_27_7_2015,2
22,1713.2,Mulloidichthys vanicolensis,-17.5_-149_LTER_2_Fringing_Reef_Fish_Transect_4_Swath_5_m_27_7_2015,4
2,48.5,Myripristis amaena,-17.5_-149_LTER_2_Fringing_Reef_Fish_Transect_4_Swath_1_m_27_7_2015,4
4,39.79,Myripristis berndti,-17.5_-149_LTER_2_Fringing_Reef_Fish_Transect_2_Swath_1_m_27_7_2015,2
1,25.9,Myripristis berndti,-17.5_-149_LTER_2_Fringing_Reef_Fish_Transect_4_Swath_1_m_27_7_2015,4
8,460.1,Naso lituratus,-17.5_-149_LTER_1_Fringing_Reef_Fish_Transect_1_Swath_5_m_27_7_2015,1
1,4.12,Naso lituratus,-17.5_-149_LTER_1_Fringing_Reef_Fish_Transect_2_Swath_5_m_27_7_2015,2
8,123.2,Naso lituratus,-17.5_-149_LTER_1_Fringing_Reef_Fish_Transect_2_Swath_5_m_27_7_2015,2
4,127.2,Naso lituratus,-17.5_-149_LTER_1_Fringing_Reef_Fish_Transect_2_Swath_5_m_27_7_2015,2
2,95.5,Naso lituratus,-17.5_-149_LTER_1_Fringing_Reef_Fish_Transect_2_Swath_5_m_27_7_2015,2
1,57.5,Naso lituratus,-17.5_-149_LTER_2_Backreef_Fish_Transect_2_Swath_5_m_27_7_2015,2
1,94.9,Naso lituratus,-17.5_-149_LTER_2_Backreef_Fish_Transect_2_Swath_5_m_27_7_2015,2
1,25.4,Naso lituratus,-17.5_-149_LTER_2_Fringing_Reef_Fish_Transect_4_Swath_5_m_27_7_2015,4
1,71.4,Naso unicornis,-17.5_-149_LTER_1_Fringing_Reef_Fish_Transect_2_Swath_5_m_27_7_2015,2
3,81.6,Neoniphon sammara,-17.5_-149_LTER_2_Fringing_Reef_Fish_Transect_2_Swath_1_m_27_7_2015,2
2,68.5,Neoniphon sammara,-17.5_-149_LTER_2_Fringing_Reef_Fish_Transect_2_Swath_1_m_27_7_2015,2
4,169.3,Neoniphon sammara,-17.5_-149_LTER_2_Fringing_Reef_Fish_Transect_2_Swath_1_m_27_7_2015,2
1,51.6,Neoniphon sammara,-17.5_-149_LTER_2_Fringing_Reef_Fish_Transect_2_Swath_1_m_27_7_2015,2
1,27.2,Neoniphon sammara,-17.5_-149_LTER_2_Fringing_Reef_Fish_Transect_4_Swath_1_m_27_7_2015,4
1,11.75,Ostracion meleagris,-17.5_-149_LTER_1_Fringing_Reef_Fish_Transect_4_Swath_1_m_27_7_2015,4
1,17.33,Ostracion meleagris,-17.5_-149_LTER_2_Backreef_Fish_Transect_1_Swath_5_m_27_7_2015,1
1,5.69,Ostracion meleagris,-17.5_-149_LTER_2_Backreef_Fish_Transect_2_Swath_1_m_27_7_2015,2
1,87,Oxycheilinus unifasciatus,-17.5_-149_LTER_1_Fringing_Reef_Fish_Transect_1_Swath_5_m_27_7_2015,1
1,16.1,Oxycheilinus unifasciatus,-17.5_-149_LTER_2_Backreef_Fish_Transect_2_Swath_5_m_27_7_2015,2
1,21.8,Oxycheilinus unifasciatus,-17.5_-149_LTER_2_Fringing_Reef_Fish_Transect_4_Swath_5_m_27_7_2015,4
1,45.5,Parupeneus ciliatus,-17.5_-149_LTER_1_Backreef_Fish_Transect_2_Swath_5_m_27_7_2015,2
3,107.5,Parupeneus ciliatus,-17.5_-149_LTER_1_Fringing_Reef_Fish_Transect_2_Swath_5_m_27_7_2015,2
6,510.1,Parupeneus ciliatus,-17.5_-149_LTER_2_Fringing_Reef_Fish_Transect_4_Swath_5_m_27_7_2015,4
1,2.82,Parupeneus cyclostomus,-17.5_-149_LTER_2_Backreef_Fish_Transect_4_Swath_5_m_27_7_2015,4
2,121.3,Parupeneus cyclostomus,-17.5_-149_LTER_2_Fringing_Reef_Fish_Transect_4_Swath_5_m_27_7_2015,4
1,13.9,Parupeneus insularis,-17.5_-149_LTER_1_Fringing_Reef_Fish_Transect_2_Swath_5_m_27_7_2015,2
1,31.7,Parupeneus insularis,-17.5_-149_LTER_1_Fringing_Reef_Fish_Transect_2_Swath_5_m_27_7_2015,2
1,74.2,Parupeneus multifasciatus,-17.5_-149_LTER_1_Backreef_Fish_Transect_1_Swath_5_m_27_7_2015,1
1,27.7,Parupeneus multifasciatus,-17.5_-149_LTER_1_Backreef_Fish_Transect_2_Swath_5_m_27_7_2015,2
1,49.7,Parupeneus multifasciatus,-17.5_-149_LTER_1_Backreef_Fish_Transect_2_Swath_5_m_27_7_2015,2
1,61.1,Parupeneus multifasciatus,-17.5_-149_LTER_1_Backreef_Fish_Transect_2_Swath_5_m_27_7_2015,2
1,18.3,Parupeneus multifasciatus,-17.5_-149_LTER_1_Backreef_Fish_Transect_4_Swath_5_m_27_7_2015,4
1,13.5,Parupeneus multifasciatus,-17.5_-149_LTER_1_Fringing_Reef_Fish_Transect_1_Swath_5_m_27_7_2015,1
2,5.24,Parupeneus multifasciatus,-17.5_-149_LTER_1_Fringing_Reef_Fish_Transect_2_Swath_5_m_27_7_2015,2
5,21.49,Parupeneus multifasciatus,-17.5_-149_LTER_1_Fringing_Reef_Fish_Transect_2_Swath_5_m_27_7_2015,2
2,13.2,Parupeneus multifasciatus,-17.5_-149_LTER_1_Fringing_Reef_Fish_Transect_2_Swath_5_m_27_7_2015,2
1,9.63,Parupeneus multifasciatus,-17.5_-149_LTER_1_Fringing_Reef_Fish_Transect_2_Swath_5_m_27_7_2015,2
1,49.7,Parupeneus multifasciatus,-17.5_-149_LTER_1_Fringing_Reef_Fish_Transect_2_Swath_5_m_27_7_2015,2
1,74.2,Parupeneus multifasciatus,-17.5_-149_LTER_1_Fringing_Reef_Fish_Transect_2_Swath_5_m_27_7_2015,2
1,2.62,Parupeneus multifasciatus,-17.5_-149_LTER_1_Fringing_Reef_Fish_Transect_4_Swath_5_m_27_7_2015,4
1,13.5,Parupeneus multifasciatus,-17.5_-149_LTER_1_Fringing_Reef_Fish_Transect_4_Swath_5_m_27_7_2015,4
1,24.3,Parupeneus multifasciatus,-17.5_-149_LTER_2_Backreef_Fish_Transect_2_Swath_5_m_27_7_2015,2
1,31.4,Parupeneus multifasciatus,-17.5_-149_LTER_2_Backreef_Fish_Transect_2_Swath_5_m_27_7_2015,2
1,49.7,Parupeneus multifasciatus,-17.5_-149_LTER_2_Backreef_Fish_Transect_2_Swath_5_m_27_7_2015,2
4,10.48,Parupeneus multifasciatus,-17.5_-149_LTER_2_Backreef_Fish_Transect_4_Swath_5_m_27_7_2015,4
1,18.3,Parupeneus multifasciatus,-17.5_-149_LTER_2_Backreef_Fish_Transect_4_Swath_5_m_27_7_2015,4
1,74.2,Parupeneus multifasciatus,-17.5_-149_LTER_2_Fringing_Reef_Fish_Transect_1_Swath_5_m_27_7_2015,1
1,106.1,Parupeneus multifasciatus,-17.5_-149_LTER_2_Fringing_Reef_Fish_Transect_1_Swath_5_m_27_7_2015,1
2,3.96,Parupeneus multifasciatus,-17.5_-149_LTER_2_Fringing_Reef_Fish_Transect_2_Swath_5_m_27_7_2015,2
1,2.62,Parupeneus multifasciatus,-17.5_-149_LTER_2_Fringing_Reef_Fish_Transect_2_Swath_5_m_27_7_2015,2
2,8.6,Parupeneus multifasciatus,-17.5_-149_LTER_2_Fringing_Reef_Fish_Transect_2_Swath_5_m_27_7_2015,2
3,28.89,Parupeneus multifasciatus,-17.5_-149_LTER_2_Fringing_Reef_Fish_Transect_2_Swath_5_m_27_7_2015,2
1,13.5,Parupeneus multifasciatus,-17.5_-149_LTER_2_Fringing_Reef_Fish_Transect_4_Swath_5_m_27_7_2015,4
1,18.3,Parupeneus multifasciatus,-17.5_-149_LTER_2_Fringing_Reef_Fish_Transect_4_Swath_5_m_27_7_2015,4
1,24.3,Parupeneus multifasciatus,-17.5_-149_LTER_2_Fringing_Reef_Fish_Transect_4_Swath_5_m_27_7_2015,4
1,39.8,Parupeneus multifasciatus,-17.5_-149_LTER_2_Fringing_Reef_Fish_Transect_4_Swath_5_m_27_7_2015,4
1,17.5,Parupeneus pleurostigma,-17.5_-149_LTER_1_Backreef_Fish_Transect_4_Swath_5_m_27_7_2015,4
1,56.6,Parupeneus pleurostigma,-17.5_-149_LTER_2_Backreef_Fish_Transect_4_Swath_5_m_27_7_2015,4
1,1.51,Plagiotremus tapeinosoma,-17.5_-149_LTER_1_Backreef_Fish_Transect_2_Swath_1_m_27_7_2015,2
1,0,Platybelone argalus,-17.5_-149_LTER_2_Backreef_Fish_Transect_1_Swath_5_m_27_7_2015,1
2,2.5,Pomacentrus pavo,-17.5_-149_LTER_1_Fringing_Reef_Fish_Transect_2_Swath_5_m_27_7_2015,2
24,70.65,Pomacentrus pavo,-17.5_-149_LTER_1_Fringing_Reef_Fish_Transect_4_Swath_5_m_27_7_2015,4
1,0.88,Pseudocheilinus evanidus,-17.5_-149_LTER_1_Fringing_Reef_Fish_Transect_1_Swath_1_m_27_7_2015,1
1,0.88,Pseudocheilinus hexataenia,-17.5_-149_LTER_1_Fringing_Reef_Fish_Transect_4_Swath_1_m_27_7_2015,4
1,1.78,Pseudocheilinus hexataenia,-17.5_-149_LTER_1_Fringing_Reef_Fish_Transect_4_Swath_1_m_27_7_2015,4
1,0.57,Pseudocheilinus hexataenia,-17.5_-149_LTER_2_Backreef_Fish_Transect_1_Swath_1_m_27_7_2015,1
1,0.57,Pseudocheilinus hexataenia,-17.5_-149_LTER_2_Backreef_Fish_Transect_2_Swath_1_m_27_7_2015,2
1,0.35,Pseudocheilinus hexataenia,-17.5_-149_LTER_2_Fringing_Reef_Fish_Transect_2_Swath_1_m_27_7_2015,2
1,62.2,Pygoplites diacanthus,-17.5_-149_LTER_1_Backreef_Fish_Transect_4_Swath_5_m_27_7_2015,4
1,109.4,Pygoplites diacanthus,-17.5_-149_LTER_1_Fringing_Reef_Fish_Transect_1_Swath_5_m_27_7_2015,1
1,62.2,Pygoplites diacanthus,-17.5_-149_LTER_2_Fringing_Reef_Fish_Transect_2_Swath_5_m_27_7_2015,2
1,77.7,Sargocentron caudimaculatum,-17.5_-149_LTER_1_Backreef_Fish_Transect_1_Swath_1_m_27_7_2015,1
1,80.4,Sargocentron diadema,-17.5_-149_LTER_2_Backreef_Fish_Transect_1_Swath_1_m_27_7_2015,1
1,20,Sargocentron microstoma,-17.5_-149_LTER_1_Backreef_Fish_Transect_4_Swath_1_m_27_7_2015,4
1,49,Sargocentron spiniferum,-17.5_-149_LTER_1_Backreef_Fish_Transect_4_Swath_1_m_27_7_2015,4
1,200.5,Sargocentron spiniferum,-17.5_-149_LTER_1_Fringing_Reef_Fish_Transect_1_Swath_1_m_27_7_2015,1
1,1.13,Scarus altipinnis,-17.5_-149_LTER_1_Fringing_Reef_Fish_Transect_4_Swath_5_m_27_7_2015,4
1,0.47,Scarus altipinnis,-17.5_-149_LTER_2_Fringing_Reef_Fish_Transect_2_Swath_5_m_27_7_2015,2
1,70.1,Scarus frenatus,-17.5_-149_LTER_1_Backreef_Fish_Transect_1_Swath_5_m_27_7_2015,1
1,1.41,Scarus frenatus,-17.5_-149_LTER_1_Backreef_Fish_Transect_2_Swath_5_m_27_7_2015,2
2,169.7,Scarus frenatus,-17.5_-149_LTER_1_Fringing_Reef_Fish_Transect_1_Swath_5_m_27_7_2015,1
3,423,Scarus frenatus,-17.5_-149_LTER_2_Fringing_Reef_Fish_Transect_1_Swath_5_m_27_7_2015,1
1,47.5,Scarus ghobban,-17.5_-149_LTER_1_Backreef_Fish_Transect_2_Swath_5_m_27_7_2015,2
1,0.7,Scarus niger,-17.5_-149_LTER_2_Fringing_Reef_Fish_Transect_2_Swath_5_m_27_7_2015,2
1,3.86,Scarus niger,-17.5_-149_LTER_2_Fringing_Reef_Fish_Transect_2_Swath_5_m_27_7_2015,2
1,34.5,Scarus niger,-17.5_-149_LTER_2_Fringing_Reef_Fish_Transect_4_Swath_5_m_27_7_2015,4
6,217.5,Scarus oviceps,-17.5_-149_LTER_1_Backreef_Fish_Transect_4_Swath_5_m_27_7_2015,4
2,114.3,Scarus oviceps,-17.5_-149_LTER_1_Backreef_Fish_Transect_4_Swath_5_m_27_7_2015,4
3,360.5,Scarus oviceps,-17.5_-149_LTER_1_Backreef_Fish_Transect_4_Swath_5_m_27_7_2015,4
2,435,Scarus oviceps,-17.5_-149_LTER_1_Backreef_Fish_Transect_4_Swath_5_m_27_7_2015,4
4,480.7,Scarus oviceps,-17.5_-149_LTER_1_Fringing_Reef_Fish_Transect_1_Swath_5_m_27_7_2015,1
1,164.1,Scarus oviceps,-17.5_-149_LTER_1_Fringing_Reef_Fish_Transect_1_Swath_5_m_27_7_2015,1
3,492.2,Scarus oviceps,-17.5_-149_LTER_1_Fringing_Reef_Fish_Transect_1_Swath_5_m_27_7_2015,1
1,217.5,Scarus oviceps,-17.5_-149_LTER_1_Fringing_Reef_Fish_Transect_1_Swath_5_m_27_7_2015,1
2,21.87,Scarus oviceps,-17.5_-149_LTER_1_Fringing_Reef_Fish_Transect_2_Swath_5_m_27_7_2015,2
2,30.97,Scarus oviceps,-17.5_-149_LTER_1_Fringing_Reef_Fish_Transect_2_Swath_5_m_27_7_2015,2
1,45.9,Scarus oviceps,-17.5_-149_LTER_1_Fringing_Reef_Fish_Transect_2_Swath_5_m_27_7_2015,2
2,140.2,Scarus oviceps,-17.5_-149_LTER_1_Fringing_Reef_Fish_Transect_2_Swath_5_m_27_7_2015,2
1,101.5,Scarus oviceps,-17.5_-149_LTER_1_Fringing_Reef_Fish_Transect_2_Swath_5_m_27_7_2015,2
2,240.3,Scarus oviceps,-17.5_-149_LTER_2_Backreef_Fish_Transect_1_Swath_5_m_27_7_2015,1
2,42.3,Scarus oviceps,-17.5_-149_LTER_2_Backreef_Fish_Transect_2_Swath_5_m_27_7_2015,2
1,45.9,Scarus oviceps,-17.5_-149_LTER_2_Backreef_Fish_Transect_2_Swath_5_m_27_7_2015,2
1,101.5,Scarus oviceps,-17.5_-149_LTER_2_Backreef_Fish_Transect_2_Swath_5_m_27_7_2015,2
1,189.5,Scarus oviceps,-17.5_-149_LTER_2_Backreef_Fish_Transect_2_Swath_5_m_27_7_2015,2
1,9.03,Scarus oviceps,-17.5_-149_LTER_2_Fringing_Reef_Fish_Transect_2_Swath_5_m_27_7_2015,2
1,36.2,Scarus oviceps,-17.5_-149_LTER_2_Fringing_Reef_Fish_Transect_4_Swath_5_m_27_7_2015,4
1,2.19,Scarus psittacus,-17.5_-149_LTER_1_Backreef_Fish_Transect_1_Swath_5_m_27_7_2015,1
11,440.9,Scarus psittacus,-17.5_-149_LTER_1_Backreef_Fish_Transect_1_Swath_5_m_27_7_2015,1
7,468,Scarus psittacus,-17.5_-149_LTER_1_Backreef_Fish_Transect_1_Swath_5_m_27_7_2015,1
1,15.43,Scarus psittacus,-17.5_-149_LTER_1_Backreef_Fish_Transect_2_Swath_5_m_27_7_2015,2
2,43.8,Scarus psittacus,-17.5_-149_LTER_1_Backreef_Fish_Transect_2_Swath_5_m_27_7_2015,2
1,30,Scarus psittacus,-17.5_-149_LTER_1_Backreef_Fish_Transect_2_Swath_5_m_27_7_2015,2
1,6.7,Scarus psittacus,-17.5_-149_LTER_1_Backreef_Fish_Transect_4_Swath_5_m_27_7_2015,4
1,10.44,Scarus psittacus,-17.5_-149_LTER_1_Backreef_Fish_Transect_4_Swath_5_m_27_7_2015,4
5,77.14,Scarus psittacus,-17.5_-149_LTER_1_Backreef_Fish_Transect_4_Swath_5_m_27_7_2015,4
1,30,Scarus psittacus,-17.5_-149_LTER_1_Backreef_Fish_Transect_4_Swath_5_m_27_7_2015,4
7,153.2,Scarus psittacus,-17.5_-149_LTER_1_Fringing_Reef_Fish_Transect_1_Swath_5_m_27_7_2015,1
8,320.7,Scarus psittacus,-17.5_-149_LTER_1_Fringing_Reef_Fish_Transect_1_Swath_5_m_27_7_2015,1
1,127.4,Scarus psittacus,-17.5_-149_LTER_1_Fringing_Reef_Fish_Transect_1_Swath_5_m_27_7_2015,1
2,916.2,Scarus psittacus,-17.5_-149_LTER_1_Fringing_Reef_Fish_Transect_1_Swath_5_m_27_7_2015,1
3,12.05,Scarus psittacus,-17.5_-149_LTER_1_Fringing_Reef_Fish_Transect_4_Swath_5_m_27_7_2015,4
1,10.44,Scarus psittacus,-17.5_-149_LTER_1_Fringing_Reef_Fish_Transect_4_Swath_5_m_27_7_2015,4
1,15.43,Scarus psittacus,-17.5_-149_LTER_1_Fringing_Reef_Fish_Transect_4_Swath_5_m_27_7_2015,4
1,21.9,Scarus psittacus,-17.5_-149_LTER_1_Fringing_Reef_Fish_Transect_4_Swath_5_m_27_7_2015,4
3,6.58,Scarus psittacus,-17.5_-149_LTER_2_Backreef_Fish_Transect_1_Swath_5_m_27_7_2015,1
5,33.5,Scarus psittacus,-17.5_-149_LTER_2_Backreef_Fish_Transect_1_Swath_5_m_27_7_2015,1
4,160.3,Scarus psittacus,-17.5_-149_LTER_2_Backreef_Fish_Transect_1_Swath_5_m_27_7_2015,1
1,256.8,Scarus psittacus,-17.5_-149_LTER_2_Backreef_Fish_Transect_1_Swath_5_m_27_7_2015,1
2,43.8,Scarus psittacus,-17.5_-149_LTER_2_Backreef_Fish_Transect_2_Swath_5_m_27_7_2015,2
3,200.6,Scarus psittacus,-17.5_-149_LTER_2_Backreef_Fish_Transect_2_Swath_5_m_27_7_2015,2
24,96.4,Scarus psittacus,-17.5_-149_LTER_2_Backreef_Fish_Transect_4_Swath_5_m_27_7_2015,4
5,150.2,Scarus psittacus,-17.5_-149_LTER_2_Backreef_Fish_Transect_4_Swath_5_m_27_7_2015,4
3,552.7,Scarus psittacus,-17.5_-149_LTER_2_Fringing_Reef_Fish_Transect_1_Swath_5_m_27_7_2015,1
1,46.9,Scarus schlegeli,-17.5_-149_LTER_1_Backreef_Fish_Transect_1_Swath_5_m_27_7_2015,1
1,58.4,Scarus schlegeli,-17.5_-149_LTER_2_Backreef_Fish_Transect_4_Swath_5_m_27_7_2015,4
4,383.6,Siganus spinus,-17.5_-149_LTER_1_Backreef_Fish_Transect_1_Swath_5_m_27_7_2015,1
3,98,Siganus spinus,-17.5_-149_LTER_1_Backreef_Fish_Transect_2_Swath_5_m_27_7_2015,2
4,260.5,Siganus spinus,-17.5_-149_LTER_1_Backreef_Fish_Transect_2_Swath_5_m_27_7_2015,2
3,98,Siganus spinus,-17.5_-149_LTER_1_Backreef_Fish_Transect_4_Swath_5_m_27_7_2015,4
1,158.6,Siganus spinus,-17.5_-149_LTER_2_Fringing_Reef_Fish_Transect_1_Swath_5_m_27_7_2015,1
1,41.8,Siganus spinus,-17.5_-149_LTER_2_Fringing_Reef_Fish_Transect_4_Swath_5_m_27_7_2015,4
1,6.51,Stegastes nigricans,-17.5_-149_LTER_1_Backreef_Fish_Transect_2_Swath_1_m_27_7_2015,2
3,31.04,Stegastes nigricans,-17.5_-149_LTER_1_Backreef_Fish_Transect_2_Swath_1_m_27_7_2015,2
1,3.76,Stegastes nigricans,-17.5_-149_LTER_1_Backreef_Fish_Transect_4_Swath_1_m_27_7_2015,4
3,31.04,Stegastes nigricans,-17.5_-149_LTER_1_Backreef_Fish_Transect_4_Swath_1_m_27_7_2015,4
3,46.4,Stegastes nigricans,-17.5_-149_LTER_1_Backreef_Fish_Transect_4_Swath_1_m_27_7_2015,4
2,51.88,Stegastes nigricans,-17.5_-149_LTER_1_Backreef_Fish_Transect_4_Swath_1_m_27_7_2015,4
2,5.47,Stegastes nigricans,-17.5_-149_LTER_1_Fringing_Reef_Fish_Transect_1_Swath_1_m_27_7_2015,1
2,7.52,Stegastes nigricans,-17.5_-149_LTER_1_Fringing_Reef_Fish_Transect_1_Swath_1_m_27_7_2015,1
1,5.01,Stegastes nigricans,-17.5_-149_LTER_1_Fringing_Reef_Fish_Transect_1_Swath_1_m_27_7_2015,1
1,1.92,Stegastes nigricans,-17.5_-149_LTER_1_Fringing_Reef_Fish_Transect_4_Swath_1_m_27_7_2015,4
3,1.4,Stegastes nigricans,-17.5_-149_LTER_2_Backreef_Fish_Transect_1_Swath_1_m_27_7_2015,1
1,1.28,Stegastes nigricans,-17.5_-149_LTER_2_Backreef_Fish_Transect_1_Swath_1_m_27_7_2015,1
4,10.95,Stegastes nigricans,-17.5_-149_LTER_2_Backreef_Fish_Transect_1_Swath_1_m_27_7_2015,1
12,60.08,Stegastes nigricans,-17.5_-149_LTER_2_Backreef_Fish_Transect_1_Swath_1_m_27_7_2015,1
8,52.05,Stegastes nigricans,-17.5_-149_LTER_2_Backreef_Fish_Transect_1_Swath_1_m_27_7_2015,1
3,2.42,Stegastes nigricans,-17.5_-149_LTER_2_Backreef_Fish_Transect_2_Swath_1_m_27_7_2015,2
9,17.28,Stegastes nigricans,-17.5_-149_LTER_2_Backreef_Fish_Transect_2_Swath_1_m_27_7_2015,2
7,26.31,Stegastes nigricans,-17.5_-149_LTER_2_Backreef_Fish_Transect_2_Swath_1_m_27_7_2015,2
8,52.05,Stegastes nigricans,-17.5_-149_LTER_2_Backreef_Fish_Transect_2_Swath_1_m_27_7_2015,2
9,93.12,Stegastes nigricans,-17.5_-149_LTER_2_Backreef_Fish_Transect_2_Swath_1_m_27_7_2015,2
9,139.19,Stegastes nigricans,-17.5_-149_LTER_2_Backreef_Fish_Transect_2_Swath_1_m_27_7_2015,2
14,308.65,Stegastes nigricans,-17.5_-149_LTER_2_Backreef_Fish_Transect_2_Swath_1_m_27_7_2015,2
11,333,Stegastes nigricans,-17.5_-149_LTER_2_Backreef_Fish_Transect_2_Swath_1_m_27_7_2015,2
2,7.52,Stegastes nigricans,-17.5_-149_LTER_2_Backreef_Fish_Transect_4_Swath_1_m_27_7_2015,4
1,10.35,Stegastes nigricans,-17.5_-149_LTER_2_Backreef_Fish_Transect_4_Swath_1_m_27_7_2015,4
3,121,Stegastes nigricans,-17.5_-149_LTER_2_Backreef_Fish_Transect_4_Swath_1_m_27_7_2015,4
3,11.27,Stegastes nigricans,-17.5_-149_LTER_2_Fringing_Reef_Fish_Transect_2_Swath_1_m_27_7_2015,2
4,41.39,Stegastes nigricans,-17.5_-149_LTER_2_Fringing_Reef_Fish_Transect_2_Swath_1_m_27_7_2015,2
4,61.86,Stegastes nigricans,-17.5_-149_LTER_2_Fringing_Reef_Fish_Transect_2_Swath_1_m_27_7_2015,2
1,22.05,Stegastes nigricans,-17.5_-149_LTER_2_Fringing_Reef_Fish_Transect_2_Swath_1_m_27_7_2015,2
1,3.76,Stegastes nigricans,-17.5_-149_LTER_2_Fringing_Reef_Fish_Transect_4_Swath_1_m_27_7_2015,4
2,20.69,Stegastes nigricans,-17.5_-149_LTER_2_Fringing_Reef_Fish_Transect_4_Swath_1_m_27_7_2015,4
3,46.4,Stegastes nigricans,-17.5_-149_LTER_2_Fringing_Reef_Fish_Transect_4_Swath_1_m_27_7_2015,4
9,198.42,Stegastes nigricans,-17.5_-149_LTER_2_Fringing_Reef_Fish_Transect_4_Swath_1_m_27_7_2015,4
42,1271.5,Stegastes nigricans,-17.5_-149_LTER_2_Fringing_Reef_Fish_Transect_4_Swath_1_m_27_7_2015,4
1,1.86,Stegastes punctatus,-17.5_-149_LTER_1_Fringing_Reef_Fish_Transect_2_Swath_1_m_27_7_2015,2
2,7.25,Stegastes punctatus,-17.5_-149_LTER_1_Fringing_Reef_Fish_Transect_2_Swath_1_m_27_7_2015,2
5,31.28,Stegastes punctatus,-17.5_-149_LTER_1_Fringing_Reef_Fish_Transect_2_Swath_1_m_27_7_2015,2
4,39.67,Stegastes punctatus,-17.5_-149_LTER_1_Fringing_Reef_Fish_Transect_2_Swath_1_m_27_7_2015,2
2,29.56,Stegastes punctatus,-17.5_-149_LTER_1_Fringing_Reef_Fish_Transect_2_Swath_1_m_27_7_2015,2
4,12.4,Stethojulis bandanensis,-17.5_-149_LTER_1_Backreef_Fish_Transect_1_Swath_5_m_27_7_2015,1
2,0.65,Stethojulis bandanensis,-17.5_-149_LTER_1_Backreef_Fish_Transect_2_Swath_5_m_27_7_2015,2
1,0.52,Stethojulis bandanensis,-17.5_-149_LTER_1_Backreef_Fish_Transect_2_Swath_5_m_27_7_2015,2
1,0.77,Stethojulis bandanensis,-17.5_-149_LTER_1_Backreef_Fish_Transect_2_Swath_5_m_27_7_2015,2
3,3.27,Stethojulis bandanensis,-17.5_-149_LTER_1_Backreef_Fish_Transect_2_Swath_5_m_27_7_2015,2
1,1.94,Stethojulis bandanensis,-17.5_-149_LTER_1_Backreef_Fish_Transect_2_Swath_5_m_27_7_2015,2
1,1.09,Stethojulis bandanensis,-17.5_-149_LTER_1_Backreef_Fish_Transect_4_Swath_5_m_27_7_2015,4
1,1.94,Stethojulis bandanensis,-17.5_-149_LTER_1_Backreef_Fish_Transect_4_Swath_5_m_27_7_2015,4
1,3.1,Stethojulis bandanensis,-17.5_-149_LTER_1_Backreef_Fish_Transect_4_Swath_5_m_27_7_2015,4
1,4.61,Stethojulis bandanensis,-17.5_-149_LTER_1_Backreef_Fish_Transect_4_Swath_5_m_27_7_2015,4
1,0.52,Stethojulis bandanensis,-17.5_-149_LTER_1_Fringing_Reef_Fish_Transect_2_Swath_5_m_27_7_2015,2
2,2.18,Stethojulis bandanensis,-17.5_-149_LTER_1_Fringing_Reef_Fish_Transect_2_Swath_5_m_27_7_2015,2
1,1.94,Stethojulis bandanensis,-17.5_-149_LTER_1_Fringing_Reef_Fish_Transect_2_Swath_5_m_27_7_2015,2
2,3.87,Stethojulis bandanensis,-17.5_-149_LTER_1_Fringing_Reef_Fish_Transect_4_Swath_5_m_27_7_2015,4
1,3.1,Stethojulis bandanensis,-17.5_-149_LTER_1_Fringing_Reef_Fish_Transect_4_Swath_5_m_27_7_2015,4
2,13.03,Stethojulis bandanensis,-17.5_-149_LTER_1_Fringing_Reef_Fish_Transect_4_Swath_5_m_27_7_2015,4
2,2.18,Stethojulis bandanensis,-17.5_-149_LTER_2_Backreef_Fish_Transect_1_Swath_5_m_27_7_2015,1
1,3.1,Stethojulis bandanensis,-17.5_-149_LTER_2_Backreef_Fish_Transect_1_Swath_5_m_27_7_2015,1
2,1.54,Stethojulis bandanensis,-17.5_-149_LTER_2_Backreef_Fish_Transect_2_Swath_5_m_27_7_2015,2
1,1.48,Stethojulis bandanensis,-17.5_-149_LTER_2_Backreef_Fish_Transect_2_Swath_5_m_27_7_2015,2
1,1.94,Stethojulis bandanensis,-17.5_-149_LTER_2_Backreef_Fish_Transect_2_Swath_5_m_27_7_2015,2
1,3.1,Stethojulis bandanensis,-17.5_-149_LTER_2_Backreef_Fish_Transect_2_Swath_5_m_27_7_2015,2
1,3.1,Stethojulis bandanensis,-17.5_-149_LTER_2_Backreef_Fish_Transect_4_Swath_5_m_27_7_2015,4
1,14.8,Stethojulis bandanensis,-17.5_-149_LTER_2_Backreef_Fish_Transect_4_Swath_5_m_27_7_2015,4
1,3.1,Stethojulis bandanensis,-17.5_-149_LTER_2_Fringing_Reef_Fish_Transect_4_Swath_5_m_27_7_2015,4
1,6.51,Stethojulis bandanensis,-17.5_-149_LTER_2_Fringing_Reef_Fish_Transect_4_Swath_5_m_27_7_2015,4
3,327,Sufflamen bursa,-17.5_-149_LTER_1_Fringing_Reef_Fish_Transect_1_Swath_5_m_27_7_2015,1
1,36.4,Sufflamen bursa,-17.5_-149_LTER_1_Fringing_Reef_Fish_Transect_2_Swath_5_m_27_7_2015,2
2,260.4,Sufflamen bursa,-17.5_-149_LTER_2_Fringing_Reef_Fish_Transect_1_Swath_5_m_27_7_2015,1
1,73.7,Sufflamen bursa,-17.5_-149_LTER_2_Fringing_Reef_Fish_Transect_2_Swath_5_m_27_7_2015,2
1,975.6,Synanceia verrucosa,-17.5_-149_LTER_1_Backreef_Fish_Transect_4_Swath_1_m_27_7_2015,4
2,4.3,Thalassoma hardwicke,-17.5_-149_LTER_1_Backreef_Fish_Transect_1_Swath_5_m_27_7_2015,1
10,224.7,Thalassoma hardwicke,-17.5_-149_LTER_1_Backreef_Fish_Transect_1_Swath_5_m_27_7_2015,1
4,147.8,Thalassoma hardwicke,-17.5_-149_LTER_1_Backreef_Fish_Transect_1_Swath_5_m_27_7_2015,1
10,460.9,Thalassoma hardwicke,-17.5_-149_LTER_1_Backreef_Fish_Transect_1_Swath_5_m_27_7_2015,1
2,1.48,Thalassoma hardwicke,-17.5_-149_LTER_1_Backreef_Fish_Transect_2_Swath_5_m_27_7_2015,2
2,2.21,Thalassoma hardwicke,-17.5_-149_LTER_1_Backreef_Fish_Transect_2_Swath_5_m_27_7_2015,2
3,6.44,Thalassoma hardwicke,-17.5_-149_LTER_1_Backreef_Fish_Transect_2_Swath_5_m_27_7_2015,2
4,14.78,Thalassoma hardwicke,-17.5_-149_LTER_1_Backreef_Fish_Transect_2_Swath_5_m_27_7_2015,2
3,14.07,Thalassoma hardwicke,-17.5_-149_LTER_1_Backreef_Fish_Transect_2_Swath_5_m_27_7_2015,2
8,46.8,Thalassoma hardwicke,-17.5_-149_LTER_1_Backreef_Fish_Transect_2_Swath_5_m_27_7_2015,2
3,26.12,Thalassoma hardwicke,-17.5_-149_LTER_1_Backreef_Fish_Transect_2_Swath_5_m_27_7_2015,2
1,12.36,Thalassoma hardwicke,-17.5_-149_LTER_1_Backreef_Fish_Transect_2_Swath_5_m_27_7_2015,2
3,50.8,Thalassoma hardwicke,-17.5_-149_LTER_1_Backreef_Fish_Transect_2_Swath_5_m_27_7_2015,2
1,29.1,Thalassoma hardwicke,-17.5_-149_LTER_1_Backreef_Fish_Transect_2_Swath_5_m_27_7_2015,2
2,2.21,Thalassoma hardwicke,-17.5_-149_LTER_1_Backreef_Fish_Transect_4_Swath_5_m_27_7_2015,4
3,6.44,Thalassoma hardwicke,-17.5_-149_LTER_1_Backreef_Fish_Transect_4_Swath_5_m_27_7_2015,4
3,17.55,Thalassoma hardwicke,-17.5_-149_LTER_1_Backreef_Fish_Transect_4_Swath_5_m_27_7_2015,4
1,8.71,Thalassoma hardwicke,-17.5_-149_LTER_1_Backreef_Fish_Transect_4_Swath_5_m_27_7_2015,4
1,12.36,Thalassoma hardwicke,-17.5_-149_LTER_1_Backreef_Fish_Transect_4_Swath_5_m_27_7_2015,4
2,33.8,Thalassoma hardwicke,-17.5_-149_LTER_1_Backreef_Fish_Transect_4_Swath_5_m_27_7_2015,4
1,29.1,Thalassoma hardwicke,-17.5_-149_LTER_1_Backreef_Fish_Transect_4_Swath_5_m_27_7_2015,4
2,58.2,Thalassoma hardwicke,-17.5_-149_LTER_1_Fringing_Reef_Fish_Transect_1_Swath_5_m_27_7_2015,1
1,46.1,Thalassoma hardwicke,-17.5_-149_LTER_1_Fringing_Reef_Fish_Transect_1_Swath_5_m_27_7_2015,1
2,17.41,Thalassoma hardwicke,-17.5_-149_LTER_1_Fringing_Reef_Fish_Transect_4_Swath_5_m_27_7_2015,4
7,15.03,Thalassoma hardwicke,-17.5_-149_LTER_2_Backreef_Fish_Transect_1_Swath_5_m_27_7_2015,1
3,50.8,Thalassoma hardwicke,-17.5_-149_LTER_2_Backreef_Fish_Transect_1_Swath_5_m_27_7_2015,1
9,332.6,Thalassoma hardwicke,-17.5_-149_LTER_2_Backreef_Fish_Transect_1_Swath_5_m_27_7_2015,1
5,230.4,Thalassoma hardwicke,-17.5_-149_LTER_2_Backreef_Fish_Transect_1_Swath_5_m_27_7_2015,1
3,169.8,Thalassoma hardwicke,-17.5_-149_LTER_2_Backreef_Fish_Transect_1_Swath_5_m_27_7_2015,1
1,68.6,Thalassoma hardwicke,-17.5_-149_LTER_2_Backreef_Fish_Transect_1_Swath_5_m_27_7_2015,1
2,0.94,Thalassoma hardwicke,-17.5_-149_LTER_2_Backreef_Fish_Transect_2_Swath_5_m_27_7_2015,2
3,3.31,Thalassoma hardwicke,-17.5_-149_LTER_2_Backreef_Fish_Transect_2_Swath_5_m_27_7_2015,2
15,32.21,Thalassoma hardwicke,-17.5_-149_LTER_2_Backreef_Fish_Transect_2_Swath_5_m_27_7_2015,2
3,11.09,Thalassoma hardwicke,-17.5_-149_LTER_2_Backreef_Fish_Transect_2_Swath_5_m_27_7_2015,2
8,46.8,Thalassoma hardwicke,-17.5_-149_LTER_2_Backreef_Fish_Transect_2_Swath_5_m_27_7_2015,2
6,52.24,Thalassoma hardwicke,-17.5_-149_LTER_2_Backreef_Fish_Transect_2_Swath_5_m_27_7_2015,2
1,12.36,Thalassoma hardwicke,-17.5_-149_LTER_2_Backreef_Fish_Transect_2_Swath_5_m_27_7_2015,2
1,16.9,Thalassoma hardwicke,-17.5_-149_LTER_2_Backreef_Fish_Transect_2_Swath_5_m_27_7_2015,2
2,44.9,Thalassoma hardwicke,-17.5_-149_LTER_2_Backreef_Fish_Transect_2_Swath_5_m_27_7_2015,2
1,37,Thalassoma hardwicke,-17.5_-149_LTER_2_Backreef_Fish_Transect_2_Swath_5_m_27_7_2015,2
1,2.15,Thalassoma hardwicke,-17.5_-149_LTER_2_Backreef_Fish_Transect_4_Swath_5_m_27_7_2015,4
4,34.82,Thalassoma hardwicke,-17.5_-149_LTER_2_Backreef_Fish_Transect_4_Swath_5_m_27_7_2015,4
1,12.36,Thalassoma hardwicke,-17.5_-149_LTER_2_Backreef_Fish_Transect_4_Swath_5_m_27_7_2015,4
4,67.7,Thalassoma hardwicke,-17.5_-149_LTER_2_Backreef_Fish_Transect_4_Swath_5_m_27_7_2015,4
1,29.1,Thalassoma hardwicke,-17.5_-149_LTER_2_Backreef_Fish_Transect_4_Swath_5_m_27_7_2015,4
2,7.39,Thalassoma hardwicke,-17.5_-149_LTER_2_Fringing_Reef_Fish_Transect_2_Swath_5_m_27_7_2015,2
3,26.12,Thalassoma hardwicke,-17.5_-149_LTER_2_Fringing_Reef_Fish_Transect_2_Swath_5_m_27_7_2015,2
1,0.14,Thalassoma hardwicke,-17.5_-149_LTER_2_Fringing_Reef_Fish_Transect_4_Swath_5_m_27_7_2015,4
2,17.41,Thalassoma hardwicke,-17.5_-149_LTER_2_Fringing_Reef_Fish_Transect_4_Swath_5_m_27_7_2015,4
1,12.36,Thalassoma hardwicke,-17.5_-149_LTER_2_Fringing_Reef_Fish_Transect_4_Swath_5_m_27_7_2015,4
15,253.8,Thalassoma hardwicke,-17.5_-149_LTER_2_Fringing_Reef_Fish_Transect_4_Swath_5_m_27_7_2015,4
1,22.5,Thalassoma hardwicke,-17.5_-149_LTER_2_Fringing_Reef_Fish_Transect_4_Swath_5_m_27_7_2015,4
2,15,Valenciennea strigata,-17.5_-149_LTER_2_Backreef_Fish_Transect_4_Swath_1_m_27_7_2015,4
1,249.8,Zanclus cornutus,-17.5_-149_LTER_1_Backreef_Fish_Transect_1_Swath_5_m_27_7_2015,1
1,206,Zanclus cornutus,-17.5_-149_LTER_1_Backreef_Fish_Transect_2_Swath_5_m_27_7_2015,2
1,34.5,Zanclus cornutus,-17.5_-149_LTER_1_Backreef_Fish_Transect_4_Swath_5_m_27_7_2015,4
2,270.3,Zanclus cornutus,-17.5_-149_LTER_1_Fringing_Reef_Fish_Transect_1_Swath_5_m_27_7_2015,1
5,1030.1,Zanclus cornutus,-17.5_-149_LTER_1_Fringing_Reef_Fish_Transect_1_Swath_5_m_27_7_2015,1
1,47.5,Zanclus cornutus,-17.5_-149_LTER_1_Fringing_Reef_Fish_Transect_2_Swath_5_m_27_7_2015,2
1,107.1,Zanclus cornutus,-17.5_-149_LTER_1_Fringing_Reef_Fish_Transect_2_Swath_5_m_27_7_2015,2
2,166.9,Zanclus cornutus,-17.5_-149_LTER_2_Fringing_Reef_Fish_Transect_2_Swath_5_m_27_7_2015,2
3,405.4,Zanclus cornutus,-17.5_-149_LTER_2_Fringing_Reef_Fish_Transect_2_Swath_5_m_27_7_2015,2
1,34.5,Zanclus cornutus,-17.5_-149_LTER_2_Fringing_Reef_Fish_Transect_4_Swath_5_m_27_7_2015,4
1,47.5,Zanclus cornutus,-17.5_-149_LTER_2_Fringing_Reef_Fish_Transect_4_Swath_5_m_27_7_2015,4
6,578.2,Zebrasoma scopas,-17.5_-149_LTER_1_Backreef_Fish_Transect_1_Swath_5_m_27_7_2015,1
1,38.1,Zebrasoma scopas,-17.5_-149_LTER_1_Backreef_Fish_Transect_2_Swath_5_m_27_7_2015,2
2,125.6,Zebrasoma scopas,-17.5_-149_LTER_1_Backreef_Fish_Transect_2_Swath_5_m_27_7_2015,2
1,96.4,Zebrasoma scopas,-17.5_-149_LTER_1_Backreef_Fish_Transect_2_Swath_5_m_27_7_2015,2
2,49.12,Zebrasoma scopas,-17.5_-149_LTER_1_Backreef_Fish_Transect_4_Swath_5_m_27_7_2015,4
1,28.6,Zebrasoma scopas,-17.5_-149_LTER_1_Backreef_Fish_Transect_4_Swath_5_m_27_7_2015,4
2,76.2,Zebrasoma scopas,-17.5_-149_LTER_1_Backreef_Fish_Transect_4_Swath_5_m_27_7_2015,4
1,6.21,Zebrasoma scopas,-17.5_-149_LTER_1_Fringing_Reef_Fish_Transect_1_Swath_5_m_27_7_2015,1
2,98.8,Zebrasoma scopas,-17.5_-149_LTER_1_Fringing_Reef_Fish_Transect_1_Swath_5_m_27_7_2015,1
3,188.4,Zebrasoma scopas,-17.5_-149_LTER_1_Fringing_Reef_Fish_Transect_1_Swath_5_m_27_7_2015,1
4,313.6,Zebrasoma scopas,-17.5_-149_LTER_1_Fringing_Reef_Fish_Transect_1_Swath_5_m_27_7_2015,1
2,233.8,Zebrasoma scopas,-17.5_-149_LTER_1_Fringing_Reef_Fish_Transect_1_Swath_5_m_27_7_2015,1
4,3.12,Zebrasoma scopas,-17.5_-149_LTER_1_Fringing_Reef_Fish_Transect_2_Swath_5_m_27_7_2015,2
9,32.37,Zebrasoma scopas,-17.5_-149_LTER_1_Fringing_Reef_Fish_Transect_2_Swath_5_m_27_7_2015,2
1,6.21,Zebrasoma scopas,-17.5_-149_LTER_1_Fringing_Reef_Fish_Transect_2_Swath_5_m_27_7_2015,2
9,88.62,Zebrasoma scopas,-17.5_-149_LTER_1_Fringing_Reef_Fish_Transect_2_Swath_5_m_27_7_2015,2
7,102.79,Zebrasoma scopas,-17.5_-149_LTER_1_Fringing_Reef_Fish_Transect_2_Swath_5_m_27_7_2015,2
17,355.13,Zebrasoma scopas,-17.5_-149_LTER_1_Fringing_Reef_Fish_Transect_2_Swath_5_m_27_7_2015,2
10,286.3,Zebrasoma scopas,-17.5_-149_LTER_1_Fringing_Reef_Fish_Transect_2_Swath_5_m_27_7_2015,2
2,125.6,Zebrasoma scopas,-17.5_-149_LTER_1_Fringing_Reef_Fish_Transect_2_Swath_5_m_27_7_2015,2
2,0.46,Zebrasoma scopas,-17.5_-149_LTER_1_Fringing_Reef_Fish_Transect_4_Swath_5_m_27_7_2015,4
2,0.9,Zebrasoma scopas,-17.5_-149_LTER_1_Fringing_Reef_Fish_Transect_4_Swath_5_m_27_7_2015,4
1,1.84,Zebrasoma scopas,-17.5_-149_LTER_1_Fringing_Reef_Fish_Transect_4_Swath_5_m_27_7_2015,4
1,3.6,Zebrasoma scopas,-17.5_-149_LTER_1_Fringing_Reef_Fish_Transect_4_Swath_5_m_27_7_2015,4
1,14.68,Zebrasoma scopas,-17.5_-149_LTER_1_Fringing_Reef_Fish_Transect_4_Swath_5_m_27_7_2015,4
5,104.45,Zebrasoma scopas,-17.5_-149_LTER_1_Fringing_Reef_Fish_Transect_4_Swath_5_m_27_7_2015,4
9,257.7,Zebrasoma scopas,-17.5_-149_LTER_1_Fringing_Reef_Fish_Transect_4_Swath_5_m_27_7_2015,4
1,38.1,Zebrasoma scopas,-17.5_-149_LTER_1_Fringing_Reef_Fish_Transect_4_Swath_5_m_27_7_2015,4
1,49.4,Zebrasoma scopas,-17.5_-149_LTER_2_Backreef_Fish_Transect_1_Swath_5_m_27_7_2015,1
3,289.1,Zebrasoma scopas,-17.5_-149_LTER_2_Backreef_Fish_Transect_1_Swath_5_m_27_7_2015,1
1,140.2,Zebrasoma scopas,-17.5_-149_LTER_2_Backreef_Fish_Transect_1_Swath_5_m_27_7_2015,1
1,28.6,Zebrasoma scopas,-17.5_-149_LTER_2_Backreef_Fish_Transect_2_Swath_5_m_27_7_2015,2
6,228.5,Zebrasoma scopas,-17.5_-149_LTER_2_Backreef_Fish_Transect_2_Swath_5_m_27_7_2015,2
9,444.8,Zebrasoma scopas,-17.5_-149_LTER_2_Backreef_Fish_Transect_2_Swath_5_m_27_7_2015,2
5,314,Zebrasoma scopas,-17.5_-149_LTER_2_Backreef_Fish_Transect_2_Swath_5_m_27_7_2015,2
2,192.7,Zebrasoma scopas,-17.5_-149_LTER_2_Backreef_Fish_Transect_2_Swath_5_m_27_7_2015,2
1,116.9,Zebrasoma scopas,-17.5_-149_LTER_2_Backreef_Fish_Transect_2_Swath_5_m_27_7_2015,2
10,286.3,Zebrasoma scopas,-17.5_-149_LTER_2_Backreef_Fish_Transect_4_Swath_5_m_27_7_2015,4
3,2.34,Zebrasoma scopas,-17.5_-149_LTER_2_Fringing_Reef_Fish_Transect_2_Swath_5_m_27_7_2015,2
1,1.84,Zebrasoma scopas,-17.5_-149_LTER_2_Fringing_Reef_Fish_Transect_2_Swath_5_m_27_7_2015,2
5,104.45,Zebrasoma scopas,-17.5_-149_LTER_2_Fringing_Reef_Fish_Transect_2_Swath_5_m_27_7_2015,2
7,266.6,Zebrasoma scopas,-17.5_-149_LTER_2_Fringing_Reef_Fish_Transect_2_Swath_5_m_27_7_2015,2
6,376.8,Zebrasoma scopas,-17.5_-149_LTER_2_Fringing_Reef_Fish_Transect_2_Swath_5_m_27_7_2015,2
5,104.45,Zebrasoma scopas,-17.5_-149_LTER_2_Fringing_Reef_Fish_Transect_4_Swath_5_m_27_7_2015,4
12,343.6,Zebrasoma scopas,-17.5_-149_LTER_2_Fringing_Reef_Fish_Transect_4_Swath_5_m_27_7_2015,4
8,304.7,Zebrasoma scopas,-17.5_-149_LTER_2_Fringing_Reef_Fish_Transect_4_Swath_5_m_27_7_2015,4